"match_id","elderly_id","volunteer_id","match_score","time_slot_overlap","location_distance","acceptance_probability","status"
1,804,617,0.555357737815939,"Mon 9-12",7.71457971958444,0.753554386319593,"Rejected"
2,374,165,0.747840898693539,"Sat 3-6",7.90258206357248,0.951149473083206,"Accepted"
3,827,429,0.546509628067724,"Wed 3-6",17.3423658893444,0.942715188488364,"Accepted"
4,219,894,0.793296925956383,"Mon 3-6",1.91223753849044,0.960801239707507,"Rejected"
5,84,744,0.948585913167335,"Fri 9-12",2.19690433284268,0.605392552446574,"Rejected"
6,313,851,0.973396634915844,"Wed 9-12",2.5423714176286,0.825874355621636,"Pending"
7,568,939,0.7834424310131,"Thu 9-12",15.2119829047006,0.859532641479746,"Accepted"
8,164,182,0.788429640932009,"Mon 9-12",8.96941554220393,0.593619849067181,"Pending"
9,437,674,0.84734239638783,"Sat 6-9",13.2738498691469,0.973130683763884,"Pending"
10,471,417,0.922428832622245,"Sun 3-6",1.07580698071979,0.868062929715961,"Accepted"
11,607,179,0.688864856143482,"Sun 6-9",15.4749977712054,0.543573382194154,"Accepted"
12,620,311,0.821179595892318,"Thu 3-6",18.9206294163596,0.552757921512239,"Rejected"
13,700,199,0.774034953210503,"Sat 3-6",4.75321629457176,0.543716368847527,"Accepted"
14,588,186,0.575613066670485,"Tue 6-9",15.8241368960589,0.954372534761205,"Pending"
15,523,440,0.873273831908591,"Thu 3-6",4.5519789850805,0.543744101421908,"Pending"
16,120,505,0.680927339824848,"Wed 9-12",15.2755153363105,0.940120517858304,"Accepted"
17,769,326,0.598500741063617,"Thu 3-6",19.0248881073203,0.775522975833155,"Rejected"
18,193,587,0.591292113182135,"Tue 6-9",19.2553873693105,0.561036477214657,"Pending"
19,840,548,0.970345838577487,"Sat 6-9",5.52201326051727,0.710658297291957,"Rejected"
20,506,376,0.835555512574501,"Fri 9-12",11.8864677278325,0.989522723131813,"Pending"
21,975,568,0.820610454538837,"Wed 9-12",14.4257675705012,0.872009049984626,"Accepted"
22,706,899,0.62166015827097,"Fri 9-12",10.4258042271249,0.896273091319017,"Rejected"
23,286,95,0.56780934589915,"Fri 9-12",15.9990034911316,0.76670487166848,"Rejected"
24,934,322,0.816013226169161,"Mon 9-12",10.9829785637558,0.678151402622461,"Accepted"
25,694,81,0.848482326720841,"Mon 9-12",12.752877687104,0.764520495315082,"Pending"
26,390,596,0.773289525066502,"Sun 12-3",19.0731658469886,0.956109656719491,"Rejected"
27,42,464,0.512482388527133,"Sat 6-9",11.7391235833056,0.612323623383418,"Accepted"
28,367,891,0.786907801404595,"Thu 9-12",7.73370126611553,0.780642698169686,"Accepted"
29,104,726,0.898125964798965,"Fri 9-12",14.6745994416997,0.70452662720345,"Rejected"
30,829,489,0.901615521986969,"Tue 12-3",15.307316278806,0.766223647166044,"Rejected"
31,754,46,0.848974765860476,"Wed 6-9",7.45484188920818,0.950384488329291,"Rejected"
32,789,207,0.935547686065547,"Fri 3-6",7.4611696805805,0.774588875588961,"Rejected"
33,502,634,0.898482286953367,"Sat 3-6",12.9697653162293,0.861600578995422,"Rejected"
34,931,225,0.949390767491423,"Mon 12-3",1.24217170779593,0.514835267327726,"Accepted"
35,818,692,0.822127317311242,"Wed 12-3",19.2801602180116,0.795646628364921,"Pending"
36,991,991,0.796221583033912,"Sat 9-12",2.1661957106553,0.753987258533016,"Rejected"
37,92,973,0.662897647707723,"Thu 6-9",17.3665109148715,0.647205352201127,"Rejected"
38,471,617,0.558071880834177,"Sat 6-9",14.352742330404,0.738221911014989,"Rejected"
39,270,166,0.868414202122949,"Thu 3-6",7.52589431265369,0.864667176036164,"Accepted"
40,324,932,0.594459130661562,"Sat 9-12",17.6548899039626,0.846178884035908,"Pending"
41,64,791,0.67672896257136,"Mon 6-9",7.68378800991923,0.888349210494198,"Rejected"
42,301,731,0.954221612541005,"Fri 12-3",2.99458238575608,0.865244199172594,"Rejected"
43,247,992,0.899051039479673,"Mon 9-12",18.2453935865778,0.850141773698851,"Pending"
44,722,280,0.615404908312485,"Mon 9-12",3.2017159643583,0.506302966852672,"Rejected"
45,3,911,0.53155853971839,"Fri 9-12",15.6332162714098,0.605942142545246,"Pending"
46,836,85,0.814502037712373,"Sun 9-12",3.64684818638489,0.5031124582747,"Accepted"
47,943,34,0.991727250511758,"Fri 6-9",16.8314995281398,0.570459991926327,"Pending"
48,805,279,0.797926147468388,"Sat 6-9",15.8344571685884,0.706172223668545,"Pending"
49,433,909,0.500373340793885,"Mon 12-3",8.86653447011486,0.891612991457805,"Accepted"
50,466,149,0.953477525850758,"Tue 9-12",18.7036136391107,0.562499669962563,"Accepted"
51,391,746,0.859579412266612,"Sat 3-6",19.6084351933096,0.748926550382748,"Pending"
52,875,961,0.865153725957498,"Sat 9-12",5.6315502137877,0.709621995338239,"Accepted"
53,810,864,0.534689407213591,"Tue 9-12",1.25470186746679,0.674779630382545,"Rejected"
54,689,793,0.977407564874738,"Tue 9-12",18.0771729368716,0.849166996660642,"Accepted"
55,722,325,0.952883895486593,"Fri 9-12",5.41209663613699,0.949287088704295,"Pending"
56,858,445,0.909859961131588,"Mon 6-9",6.93800959317014,0.842565086320974,"Pending"
57,611,447,0.910135881858878,"Tue 9-12",12.5068552980665,0.501023068907671,"Accepted"
58,457,890,0.876819501514547,"Thu 6-9",14.0712315817364,0.867249386385083,"Rejected"
59,949,867,0.501075921230949,"Tue 6-9",10.0671478037257,0.94805136974901,"Accepted"
60,356,822,0.5681231507333,"Tue 3-6",19.8974508089013,0.857870396925136,"Pending"
61,43,199,0.771938447607681,"Thu 9-12",16.8096354224253,0.529506355291232,"Accepted"
62,684,145,0.852093722554855,"Sat 12-3",17.7660766316112,0.794905762653798,"Pending"
63,42,611,0.929953637183644,"Tue 6-9",4.37237410782836,0.89093605754897,"Accepted"
64,738,304,0.83545592892915,"Sat 12-3",13.1658030669205,0.816863570129499,"Pending"
65,826,487,0.996162762166932,"Sat 6-9",1.10179935558699,0.803588386275806,"Rejected"
66,286,126,0.535505712032318,"Wed 3-6",9.02242837008089,0.543070674757473,"Rejected"
67,500,889,0.991915805381723,"Mon 9-12",9.92888211412355,0.959440069156699,"Pending"
68,106,887,0.525022726273164,"Fri 3-6",13.4652802152559,0.62126478611026,"Accepted"
69,762,697,0.867419541580603,"Mon 12-3",11.3777888561599,0.801239741616882,"Rejected"
70,188,874,0.611362960655242,"Sun 9-12",16.8044886349235,0.794790316023864,"Pending"
71,89,101,0.81308876327239,"Thu 12-3",2.40503073646687,0.988317815004848,"Pending"
72,443,325,0.644606023444794,"Sat 9-12",6.21842257725075,0.704812872922048,"Pending"
73,550,537,0.919499137438834,"Fri 9-12",15.1248241404537,0.577731733908877,"Rejected"
74,696,448,0.53069357201457,"Wed 12-3",4.08895446173847,0.658761088154279,"Rejected"
75,740,213,0.563910637516528,"Tue 12-3",16.4288692672271,0.853024246636778,"Accepted"
76,706,695,0.840299090603366,"Mon 3-6",13.7346601744648,0.807424119557254,"Rejected"
77,649,945,0.652525288984179,"Mon 6-9",7.63413343881257,0.945994264213368,"Rejected"
78,205,175,0.562147301854566,"Fri 12-3",17.7496479740366,0.846798655809835,"Rejected"
79,592,304,0.841823420254514,"Wed 12-3",8.50409127143212,0.70113966637291,"Pending"
80,379,673,0.56920736131724,"Mon 12-3",6.96908581396565,0.543137757689692,"Accepted"
81,363,349,0.717869362561032,"Sun 12-3",15.1581593346782,0.89532669307664,"Pending"
82,53,969,0.919679906684905,"Sat 3-6",19.1031366221141,0.516988646821119,"Accepted"
83,613,561,0.918460583896376,"Fri 9-12",16.361704074312,0.719100950402208,"Accepted"
84,26,126,0.666894711786881,"Sat 6-9",2.25167289352976,0.737760828691535,"Accepted"
85,682,167,0.673802687088028,"Fri 3-6",3.03216214152053,0.802598601439968,"Pending"
86,960,711,0.521481163101271,"Wed 12-3",1.63032650831155,0.532085048849694,"Rejected"
87,317,597,0.958948209765367,"Thu 3-6",14.1559319130611,0.541554494295269,"Accepted"
88,691,582,0.744774942519143,"Wed 9-12",19.6069514080882,0.715493546333164,"Pending"
89,115,116,0.759637315757573,"Tue 9-12",10.9704961499665,0.531084739952348,"Pending"
90,47,609,0.83876083989162,"Thu 3-6",9.02097104792483,0.969359263079241,"Accepted"
91,825,979,0.826817112392746,"Fri 6-9",3.40076586394571,0.625802541151643,"Pending"
92,16,99,0.684633801691234,"Fri 12-3",12.4388563814573,0.554843469522893,"Accepted"
93,399,811,0.889475726755336,"Sat 12-3",9.79336276603863,0.826658845995553,"Rejected"
94,616,800,0.861478699720465,"Thu 9-12",19.5193035858683,0.5465788586298,"Accepted"
95,322,163,0.894271303899586,"Tue 3-6",6.58744398877025,0.809716681833379,"Rejected"
96,539,689,0.89278266869951,"Wed 3-6",16.1961998126935,0.717733687022701,"Rejected"
97,386,305,0.667852892074734,"Sun 6-9",5.21020848210901,0.884831164614297,"Pending"
98,729,604,0.544232703978196,"Fri 12-3",4.69735343614593,0.789285504142754,"Rejected"
99,208,296,0.837305749650113,"Mon 12-3",19.2657400460448,0.779430811177008,"Pending"
100,27,791,0.532858108170331,"Fri 12-3",8.70169594790787,0.854804052389227,"Rejected"
101,141,850,0.800297053297982,"Tue 3-6",5.09620906063356,0.950385176227428,"Rejected"
102,366,835,0.517847656272352,"Sun 12-3",5.31311716302298,0.917308152653277,"Accepted"
103,967,873,0.588959537213668,"Sat 6-9",18.0574214349035,0.728525917744264,"Pending"
104,141,755,0.869744816794991,"Fri 9-12",1.61087147053331,0.633089558570646,"Rejected"
105,540,49,0.755019485251978,"Sun 12-3",3.89040707726963,0.867688313825056,"Pending"
106,320,266,0.880576613591984,"Mon 9-12",3.9635200232733,0.611232378636487,"Rejected"
107,487,663,0.984771780436859,"Fri 9-12",19.8178807334043,0.72316988313105,"Rejected"
108,20,198,0.787739692954347,"Sun 9-12",19.5895400028676,0.584739019279368,"Pending"
109,735,452,0.731646819156595,"Tue 12-3",10.0687040328048,0.962766622076742,"Rejected"
110,213,716,0.88824775791727,"Sat 9-12",9.09197932644747,0.539451073622331,"Accepted"
111,333,832,0.804018351482227,"Fri 3-6",8.73700683866628,0.932956328848377,"Accepted"
112,332,730,0.636744689778425,"Fri 12-3",2.80370342871174,0.84017350175418,"Accepted"
113,937,612,0.593426765874028,"Sun 12-3",13.6619854217861,0.50882805371657,"Pending"
114,882,759,0.865338963922113,"Sat 6-9",3.57813977473415,0.711316885543056,"Pending"
115,525,618,0.927582973381504,"Fri 6-9",12.7410022870172,0.914621770614758,"Rejected"
116,268,106,0.846479003550485,"Thu 6-9",14.9536256261636,0.662806268315762,"Accepted"
117,394,76,0.710307628964074,"Sat 6-9",4.98378500994295,0.501095389947295,"Accepted"
118,659,467,0.981884009437636,"Tue 9-12",19.9952438457403,0.586912371683866,"Accepted"
119,844,443,0.710975900292397,"Sun 9-12",12.8489476961549,0.650291192927398,"Pending"
120,643,900,0.85919973871205,"Wed 9-12",18.0185020428617,0.538815248291939,"Pending"
121,145,488,0.949597828672267,"Sun 9-12",1.85334563674405,0.889822319382802,"Rejected"
122,83,869,0.600409025326371,"Tue 12-3",2.73827941878699,0.850740389316343,"Accepted"
123,649,117,0.583228202187456,"Sat 3-6",11.1932423487306,0.750606438145041,"Accepted"
124,523,773,0.690636557992548,"Wed 12-3",12.5111354002729,0.63921477959957,"Accepted"
125,492,39,0.7485839757137,"Thu 12-3",4.87459702673368,0.811575917876326,"Accepted"
126,968,608,0.757356838439591,"Mon 3-6",14.963642714778,0.644157050177455,"Accepted"
127,994,741,0.781604153686203,"Sat 3-6",17.8217845072504,0.7646729106782,"Rejected"
128,623,541,0.857554910704494,"Tue 3-6",15.9107788696419,0.943607521243393,"Pending"
129,310,275,0.640251154429279,"Mon 6-9",8.86101828352548,0.605081702116877,"Rejected"
130,581,136,0.716970583889633,"Wed 6-9",17.3738814271055,0.81659130891785,"Rejected"
131,694,278,0.983111458364874,"Thu 9-12",7.65573672717437,0.593598752748221,"Rejected"
132,147,758,0.761437281151302,"Wed 9-12",7.72208630293608,0.94981897319667,"Pending"
133,856,434,0.97324576205574,"Thu 9-12",10.0169620779343,0.821743054664694,"Accepted"
134,142,657,0.675326470169239,"Fri 6-9",4.43087065615691,0.857143591856584,"Rejected"
135,409,202,0.816501483437605,"Sat 9-12",9.4152747951448,0.719400182482786,"Accepted"
136,600,741,0.649474987760186,"Wed 6-9",6.08004957553931,0.840035402914509,"Pending"
137,467,403,0.553209880017675,"Mon 12-3",10.7548890509643,0.801296296995133,"Accepted"
138,168,839,0.819418536149897,"Sun 3-6",4.89877467765473,0.709962328197435,"Pending"
139,964,50,0.711783380364068,"Tue 12-3",5.47065812558867,0.642580509651452,"Rejected"
140,752,62,0.629827935132198,"Fri 6-9",8.94866287196055,0.698854343034327,"Accepted"
141,600,891,0.502310360432602,"Mon 9-12",8.92770151421428,0.639160466264002,"Pending"
142,113,298,0.987070881295949,"Sun 6-9",4.76244038925506,0.984948054654524,"Pending"
143,823,75,0.782043543527834,"Sat 12-3",11.1088584815152,0.782620589016005,"Rejected"
144,792,600,0.84807091136463,"Mon 6-9",6.28793458663858,0.984613865381107,"Rejected"
145,302,864,0.726709255599417,"Fri 3-6",13.1034087948501,0.637471342692152,"Rejected"
146,658,247,0.530094805872068,"Thu 12-3",18.4781864203978,0.582957940641791,"Pending"
147,398,98,0.96788363577798,"Thu 6-9",19.2881173414644,0.509507235139608,"Pending"
148,60,317,0.657629783148877,"Mon 9-12",18.5525922654197,0.926882464089431,"Pending"
149,240,840,0.631862208130769,"Mon 9-12",16.1143998368643,0.860624287161045,"Pending"
150,930,661,0.686167238745838,"Tue 9-12",1.74909795215353,0.711394196143374,"Pending"
151,745,565,0.978353499784134,"Fri 6-9",10.6183447877411,0.639685995061882,"Pending"
152,798,925,0.628488327842206,"Tue 6-9",14.9068877696991,0.759145937860012,"Pending"
153,957,43,0.753359943395481,"Mon 9-12",13.7611149451695,0.697243885486387,"Rejected"
154,966,93,0.87664025533013,"Fri 9-12",10.790091377683,0.598035793984309,"Rejected"
155,598,104,0.863446594798006,"Thu 12-3",1.36206673039123,0.515107582323253,"Accepted"
156,500,405,0.790659357560799,"Tue 3-6",9.79730233433656,0.801261923741549,"Pending"
157,840,288,0.595011424506083,"Wed 9-12",6.31747835176066,0.953110487782396,"Accepted"
158,155,904,0.724674135562964,"Thu 9-12",8.37417029496282,0.754003419307992,"Accepted"
159,760,677,0.585670930566266,"Sun 3-6",13.7038444436621,0.65415124152787,"Rejected"
160,115,952,0.811925440793857,"Thu 3-6",12.8025352354161,0.669082848238759,"Accepted"
161,260,553,0.568049949477427,"Wed 9-12",5.58828226593323,0.517201285460033,"Pending"
162,951,427,0.736015868955292,"Wed 6-9",19.4993893196806,0.921418732148595,"Rejected"
163,209,672,0.854659934761003,"Wed 9-12",12.5644578265492,0.99665129056666,"Pending"
164,542,268,0.570872823009267,"Thu 3-6",2.50612449436449,0.949036531848833,"Accepted"
165,157,275,0.61339268554002,"Wed 3-6",19.742696935311,0.855528315762058,"Accepted"
166,820,157,0.682323546498083,"Wed 12-3",8.85958076221868,0.732173801516183,"Accepted"
167,228,462,0.582260186434723,"Tue 9-12",15.3758193030953,0.756026377319358,"Accepted"
168,621,87,0.868233468034305,"Wed 6-9",1.96284219203517,0.612724140402861,"Pending"
169,920,131,0.559587380150333,"Mon 3-6",8.84653003839776,0.784298630082048,"Accepted"
170,835,106,0.513343201600946,"Sat 9-12",1.29727732972242,0.94739326776471,"Pending"
171,466,384,0.949777593370527,"Wed 6-9",18.3528650051448,0.78745703282766,"Accepted"
172,69,730,0.633155392948538,"Mon 3-6",3.10193393309601,0.880935223307461,"Pending"
173,771,917,0.843155747628771,"Tue 12-3",17.4685269650072,0.844961096183397,"Pending"
174,866,882,0.719395153340884,"Fri 3-6",13.7050853366964,0.877441911958158,"Accepted"
175,414,757,0.602894583600573,"Sun 9-12",18.3350516329519,0.822723830468021,"Accepted"
176,147,362,0.650028923642822,"Thu 9-12",1.48140024673194,0.796692830626853,"Accepted"
177,972,610,0.504739647964016,"Sat 3-6",13.36681984202,0.547138449386694,"Accepted"
178,618,849,0.831084458390251,"Tue 9-12",19.4503286590334,0.619200768298469,"Rejected"
179,720,921,0.746296245488338,"Wed 3-6",12.836496111704,0.94450318091549,"Pending"
180,261,925,0.972157782758586,"Wed 6-9",7.72738175606355,0.839117862051353,"Rejected"
181,179,328,0.740750920493156,"Fri 9-12",2.43128052679822,0.815396773978136,"Pending"
182,315,884,0.83886894537136,"Mon 9-12",9.88613052340224,0.622733953408897,"Rejected"
183,349,531,0.52450493350625,"Wed 6-9",9.8315324774012,0.542002643924206,"Accepted"
184,100,574,0.758507895516232,"Sat 6-9",18.0610452026594,0.670324566657655,"Accepted"
185,354,784,0.51848705811426,"Fri 3-6",14.3080695485696,0.662237353040837,"Rejected"
186,679,700,0.709157911827788,"Thu 12-3",1.53174957726151,0.734657421242446,"Rejected"
187,763,753,0.874443137669004,"Sat 9-12",15.0303356114309,0.917449734522961,"Accepted"
188,698,17,0.752931106369942,"Wed 6-9",1.46887621842325,0.642142087337561,"Rejected"
189,458,476,0.800257349852473,"Sun 12-3",15.4395178079139,0.550404770881869,"Pending"
190,134,508,0.902021153597161,"Mon 3-6",16.9164633885957,0.947320129373111,"Rejected"
191,116,527,0.726632045931183,"Sat 12-3",16.9509230153635,0.713789728586562,"Accepted"
192,546,679,0.80317610851489,"Sat 12-3",3.91459146561101,0.565810104017146,"Pending"
193,829,23,0.639009623089805,"Tue 6-9",1.58947432599962,0.683230367605574,"Rejected"
194,375,280,0.502009735209867,"Sat 3-6",15.1701447232626,0.931847711908631,"Pending"
195,499,819,0.670067027909681,"Tue 3-6",3.83937548007816,0.533293432090431,"Pending"
196,785,408,0.810385783785023,"Sat 12-3",8.33438780531287,0.776994863525033,"Accepted"
197,882,750,0.931201441097073,"Sat 9-12",1.64319683471695,0.696470110793598,"Rejected"
198,699,151,0.639091515215114,"Sun 6-9",8.83557406393811,0.786084211664274,"Accepted"
199,571,166,0.828301136614755,"Sun 3-6",3.20014050952159,0.737119524274021,"Accepted"
200,952,611,0.855235935770907,"Thu 12-3",14.9740786692128,0.914246255648322,"Accepted"
201,313,745,0.621560509316623,"Sat 9-12",7.90728777786717,0.640677730785683,"Pending"
202,58,6,0.538534890394658,"Fri 6-9",3.67092973948456,0.667444072081707,"Pending"
203,176,121,0.572251779376529,"Thu 6-9",7.62582284631208,0.945705810561776,"Rejected"
204,309,163,0.793222324573435,"Fri 9-12",8.62804106646217,0.759929509251378,"Accepted"
205,232,241,0.750454965629615,"Mon 12-3",7.18476280430332,0.876486207242124,"Pending"
206,634,49,0.528191505931318,"Fri 9-12",4.19061420718208,0.666517554200254,"Accepted"
207,95,554,0.599240588606335,"Sat 6-9",9.47862294083461,0.54090778355021,"Rejected"
208,53,810,0.574082311475649,"Thu 6-9",4.37384709017351,0.500422317069024,"Pending"
209,459,765,0.930224331677891,"Thu 6-9",19.4586869133636,0.878496232908219,"Accepted"
210,458,411,0.573696507373825,"Fri 9-12",16.96185024851,0.692431260249577,"Pending"
211,799,248,0.907783945323899,"Thu 12-3",18.2311266146135,0.844212260679342,"Pending"
212,950,627,0.992813155055046,"Tue 6-9",7.95226364629343,0.951649785856716,"Pending"
213,9,460,0.984385105548427,"Sat 6-9",10.4927040019538,0.815798806259409,"Rejected"
214,356,251,0.647796594188549,"Sun 3-6",10.0493741659448,0.846347405808046,"Pending"
215,137,883,0.756596478167921,"Fri 9-12",3.50093686068431,0.554588654544204,"Pending"
216,7,658,0.995634514489211,"Mon 3-6",13.8187323817983,0.895659960689954,"Rejected"
217,220,748,0.956350105116144,"Mon 9-12",1.64637249102816,0.522197628044523,"Pending"
218,53,468,0.719368553254753,"Fri 12-3",2.78506911313161,0.707801960525103,"Accepted"
219,42,782,0.993933765683323,"Sat 3-6",15.0096608882304,0.880932761938311,"Accepted"
220,360,826,0.736543409875594,"Mon 12-3",10.7283014163841,0.521837563370354,"Accepted"
221,3,873,0.865041375043802,"Fri 3-6",6.91975737293251,0.950265387073159,"Rejected"
222,455,462,0.914139922941104,"Mon 6-9",11.0530540833715,0.921179885976017,"Accepted"
223,784,398,0.78971828345675,"Sun 6-9",13.7368382811546,0.799419077462517,"Rejected"
224,326,395,0.854211729951203,"Sun 6-9",10.8382964213379,0.527907160110772,"Rejected"
225,52,900,0.61079089413397,"Thu 3-6",9.9557573387865,0.672435232088901,"Accepted"
226,780,873,0.912526138825342,"Thu 6-9",9.59415756515227,0.916240174556151,"Rejected"
227,993,808,0.762600187910721,"Sat 9-12",1.23259125975892,0.91496729105711,"Pending"
228,957,485,0.550517500494607,"Mon 9-12",3.86302390065975,0.975234217126854,"Accepted"
229,558,288,0.645514622796327,"Mon 6-9",10.3780064014718,0.960051991278306,"Pending"
230,738,213,0.566520038875751,"Fri 9-12",16.8398846127093,0.96176458534319,"Rejected"
231,912,355,0.902219797717407,"Mon 6-9",19.3875912297517,0.556442109518684,"Pending"
232,305,917,0.711864974698983,"Fri 6-9",3.04738873802125,0.892251844401471,"Pending"
233,446,503,0.766103256726637,"Sun 9-12",18.8154984838329,0.983099658275023,"Pending"
234,852,791,0.962989019113593,"Mon 6-9",6.52131047495641,0.637895226827823,"Rejected"
235,189,766,0.910216466174461,"Sun 6-9",6.63801894546486,0.576122096390463,"Pending"
236,302,608,0.665929680806585,"Sat 12-3",9.16924360720441,0.811567623401061,"Rejected"
237,384,326,0.592004386009648,"Tue 3-6",16.7041942854412,0.747142122942023,"Rejected"
238,889,593,0.808051298954524,"Fri 3-6",13.5174488925841,0.90538089396432,"Accepted"
239,476,898,0.918371923500672,"Sun 3-6",16.605793987168,0.77263318572659,"Accepted"
240,623,984,0.703392060473561,"Wed 3-6",18.1812085011043,0.786843387642875,"Rejected"
241,800,707,0.894726622267626,"Tue 6-9",16.3465682936367,0.931871071807109,"Pending"
242,718,576,0.901606564642861,"Sun 3-6",7.3880785969086,0.697711226297542,"Accepted"
243,768,325,0.734630212071352,"Tue 3-6",5.31217618472874,0.528300357866101,"Accepted"
244,348,757,0.876706202048808,"Sun 12-3",4.66305690980516,0.653554845252074,"Pending"
245,159,611,0.855901346192695,"Fri 12-3",6.63812872604467,0.59025816177018,"Accepted"
246,841,187,0.547013611765578,"Sat 3-6",17.1595846347045,0.600949709070846,"Pending"
247,7,762,0.998623367981054,"Sat 6-9",15.2217170924414,0.941299863974564,"Pending"
248,26,271,0.809856539359316,"Wed 6-9",2.25262693525292,0.963973879581317,"Rejected"
249,790,947,0.63560356805101,"Thu 6-9",6.10942284367047,0.619826955138706,"Rejected"
250,19,524,0.903950362582691,"Tue 12-3",19.4456536059733,0.55885244498495,"Accepted"
251,887,441,0.90327347733546,"Fri 6-9",17.5188884167001,0.843891691183671,"Accepted"
252,550,602,0.55193802411668,"Tue 9-12",3.4832208736334,0.940911295125261,"Accepted"
253,227,998,0.597555965534411,"Sat 12-3",8.49540371960029,0.754286577459425,"Accepted"
254,768,221,0.647388661862351,"Wed 3-6",12.3131176929455,0.844535776996054,"Accepted"
255,816,476,0.66531197912991,"Fri 9-12",17.2468302333727,0.609112247009762,"Rejected"
256,488,228,0.788355401018634,"Tue 9-12",7.656711662421,0.765628790017217,"Pending"
257,70,919,0.821850768639706,"Sat 9-12",2.69873685296625,0.771990040550008,"Rejected"
258,452,587,0.597209894796833,"Thu 9-12",10.7091234135441,0.942579228430986,"Pending"
259,752,423,0.725806605769321,"Sun 12-3",8.262460304657,0.587518792017363,"Pending"
260,45,499,0.630268775857985,"Thu 6-9",16.4672728860751,0.759213855140842,"Pending"
261,188,250,0.688972417148761,"Sun 12-3",7.96136830328032,0.869098032242619,"Pending"
262,265,575,0.616452996619046,"Mon 12-3",6.6663187474478,0.624839334515855,"Pending"
263,936,413,0.770862224278972,"Mon 3-6",11.2464595509227,0.986557719181292,"Rejected"
264,450,34,0.869139137561433,"Fri 12-3",3.93290059338324,0.540959181613289,"Pending"
265,583,790,0.985740739270113,"Sun 3-6",9.83091988088563,0.584550929022953,"Rejected"
266,981,42,0.953185621532612,"Wed 3-6",18.6800691420212,0.507934549823403,"Pending"
267,23,918,0.777420523576438,"Fri 3-6",12.3691553836688,0.897685046889819,"Rejected"
268,985,945,0.709836976369843,"Thu 3-6",12.5713811607566,0.64854810142424,"Rejected"
269,271,472,0.720331058837473,"Fri 9-12",9.64688381156884,0.908131472882815,"Rejected"
270,830,466,0.526204522815533,"Mon 9-12",15.7773766641039,0.529945083195344,"Accepted"
271,809,928,0.930684539140202,"Mon 6-9",4.74331531696953,0.506366081652232,"Rejected"
272,211,685,0.665171101223677,"Wed 12-3",5.07794393179938,0.612282364512794,"Accepted"
273,690,974,0.608155963243917,"Wed 3-6",15.5084105806891,0.831151425722055,"Accepted"
274,757,440,0.679974027443677,"Thu 3-6",6.68970397068188,0.707347316667438,"Pending"
275,769,52,0.749070082674734,"Tue 3-6",14.8603215073235,0.693920582183637,"Accepted"
276,237,896,0.777055892976932,"Sun 12-3",6.549419576535,0.532217099680565,"Pending"
277,796,476,0.986351597239263,"Wed 6-9",18.3372194012627,0.754399127443321,"Rejected"
278,544,546,0.690683038672432,"Thu 12-3",16.8108556254301,0.647294235415757,"Accepted"
279,532,963,0.941011346178129,"Mon 9-12",14.0474537920672,0.666482651024126,"Rejected"
280,927,388,0.514618919929489,"Wed 3-6",16.4927912394051,0.874688458512537,"Rejected"
281,182,568,0.75897941715084,"Fri 3-6",10.7086996771395,0.762651275261305,"Pending"
282,312,312,0.558876097318716,"Fri 3-6",9.79586889175698,0.930623571621254,"Rejected"
283,327,574,0.877692368580028,"Fri 6-9",16.1417119321413,0.509413194726221,"Pending"
284,961,899,0.650850451202132,"Tue 3-6",16.6451921917032,0.696964810485952,"Accepted"
285,46,667,0.856225789873861,"Fri 3-6",2.79338264302351,0.916581820580177,"Accepted"
286,607,219,0.591119641088881,"Wed 9-12",7.37648066529073,0.572848823503591,"Pending"
287,227,464,0.637507321196608,"Sun 12-3",1.68707963963971,0.518127805204131,"Pending"
288,58,307,0.778050224180333,"Sat 3-6",6.67110455874354,0.757396073429845,"Accepted"
289,530,864,0.883474878268316,"Fri 12-3",9.92960219969973,0.850844906992279,"Accepted"
290,371,667,0.737313173012808,"Fri 12-3",15.714233914623,0.781849265680648,"Rejected"
291,242,980,0.641745212953538,"Sat 9-12",12.5167256188579,0.73492258915212,"Accepted"
292,695,64,0.966340949758887,"Mon 3-6",2.46803766256198,0.727819402120076,"Accepted"
293,428,656,0.80498204100877,"Mon 9-12",13.9187324612867,0.818405452533625,"Pending"
294,961,247,0.605866670608521,"Mon 9-12",1.19313200702891,0.688843624433503,"Pending"
295,215,136,0.732599094510078,"Thu 12-3",3.95800424367189,0.860066598979756,"Pending"
296,842,53,0.711982974316925,"Tue 9-12",1.51951185613871,0.993586654542014,"Pending"
297,825,568,0.771153258741833,"Fri 12-3",8.04087472055107,0.632097852881998,"Pending"
298,13,935,0.947560158907436,"Sat 6-9",12.9176779568661,0.556067907135002,"Accepted"
299,349,259,0.526999372057617,"Sat 12-3",9.65499751036987,0.744162464747205,"Rejected"
300,15,363,0.943911530775949,"Mon 6-9",8.39100506459363,0.700928509933874,"Rejected"
301,976,761,0.61028464208357,"Mon 3-6",13.8826184815262,0.678892544587143,"Pending"
302,150,696,0.881750647211447,"Tue 6-9",11.3817887958139,0.793352576089092,"Pending"
303,426,953,0.895879073417746,"Sat 12-3",16.1238020462915,0.784181907540187,"Pending"
304,150,570,0.655214974307455,"Mon 12-3",8.38094530417584,0.995904486859217,"Rejected"
305,530,636,0.651262472150847,"Mon 3-6",16.6425861062016,0.612258342094719,"Accepted"
306,950,683,0.695484482333995,"Sun 9-12",6.53494996437803,0.874713460914791,"Rejected"
307,542,386,0.660046963603236,"Sun 3-6",7.47487431461923,0.728121838881634,"Rejected"
308,116,453,0.563106613815762,"Wed 9-12",19.777733533876,0.926183293107897,"Accepted"
309,930,439,0.921769387205131,"Sat 9-12",17.8252821706701,0.650851244106889,"Rejected"
310,442,861,0.599528099177405,"Tue 9-12",6.75825573620386,0.989340906147845,"Accepted"
311,599,999,0.609431780409068,"Fri 6-9",13.1456418740563,0.781691437936388,"Pending"
312,711,772,0.65645096974913,"Sun 3-6",7.08200949546881,0.535074248211458,"Pending"
313,806,965,0.570575017831288,"Wed 12-3",16.3306534893345,0.707189636072144,"Accepted"
314,298,874,0.639619799563661,"Sat 9-12",16.4906629445031,0.630249319714494,"Pending"
315,946,974,0.76305730373133,"Sat 6-9",11.774047839921,0.910651479731314,"Accepted"
316,114,370,0.994072151952423,"Thu 12-3",3.66413624328561,0.816880481666885,"Pending"
317,239,642,0.831432519597001,"Fri 9-12",15.7940354777966,0.946271425811574,"Pending"
318,902,205,0.938624829403125,"Thu 6-9",7.14631514227949,0.701501238392666,"Pending"
319,440,669,0.665307152201422,"Sun 12-3",6.0854603080079,0.653564950218424,"Rejected"
320,93,188,0.881201828247868,"Thu 12-3",1.81845838506706,0.936232986627147,"Accepted"
321,807,203,0.771338593563996,"Sun 12-3",1.00862549059093,0.574465676909313,"Pending"
322,946,951,0.682978321099654,"Sat 6-9",15.9062140351161,0.911411654087715,"Rejected"
323,782,522,0.790999750955962,"Tue 9-12",8.63820067164488,0.977216439205222,"Accepted"
324,665,899,0.666596924420446,"Sat 6-9",11.4661847443786,0.702473291894421,"Rejected"
325,871,70,0.690748462220654,"Tue 9-12",8.93293860880658,0.536111481836997,"Rejected"
326,524,810,0.79233545367606,"Fri 9-12",19.7224767513108,0.715824070503004,"Rejected"
327,751,734,0.511197359184735,"Sat 3-6",9.24481904273853,0.608516357373446,"Pending"
328,957,585,0.750623986823484,"Mon 6-9",17.977375006536,0.923040950670838,"Accepted"
329,660,252,0.724710211157799,"Sun 6-9",2.09787903376855,0.748198660206981,"Pending"
330,287,122,0.631589232943952,"Wed 3-6",14.0316973591689,0.839938029646873,"Rejected"
331,215,432,0.594856519252062,"Thu 12-3",16.4924785045441,0.965326749137603,"Pending"
332,989,895,0.978762777987868,"Sun 3-6",8.92085279594176,0.626668399898335,"Accepted"
333,525,981,0.925256561837159,"Thu 6-9",17.7165566983167,0.972352419630624,"Accepted"
334,871,848,0.95178944861982,"Mon 9-12",17.9357217347715,0.580582495895214,"Accepted"
335,666,300,0.814453170401976,"Sun 12-3",9.55984343215823,0.850638426374644,"Accepted"
336,527,457,0.783090599114075,"Sat 9-12",18.111880118493,0.776388405123726,"Pending"
337,190,390,0.924088300555013,"Mon 12-3",5.41817636392079,0.831353005138226,"Rejected"
338,143,310,0.979481529677287,"Sat 12-3",2.74607288883999,0.949921917752363,"Accepted"
339,729,905,0.835047299042344,"Mon 3-6",8.91516859410331,0.719937524176203,"Pending"
340,360,154,0.756383569911122,"Tue 3-6",3.42393795819953,0.731483252253383,"Rejected"
341,68,774,0.550515268812887,"Sun 6-9",16.8813067153096,0.574247481650673,"Pending"
342,710,892,0.567423025378957,"Fri 12-3",13.0401407682803,0.504324992536567,"Rejected"
343,536,135,0.62148125958629,"Mon 3-6",16.1892079452518,0.707737703924067,"Accepted"
344,506,329,0.86711675056722,"Thu 9-12",3.15255547664128,0.771782494150102,"Pending"
345,344,78,0.510617131832987,"Sun 3-6",19.9214978874661,0.660108732641675,"Pending"
346,477,472,0.857132163248025,"Sun 12-3",19.2222421367187,0.778519708081149,"Rejected"
347,447,19,0.701925466535613,"Thu 9-12",9.57657347316854,0.918066171812825,"Pending"
348,790,869,0.807786231162027,"Mon 12-3",15.9709558889735,0.510756698204204,"Accepted"
349,386,668,0.964713618159294,"Fri 12-3",12.2696622342337,0.85471549408976,"Accepted"
350,448,87,0.987472241395153,"Tue 3-6",14.7020874177106,0.585784585564397,"Rejected"
351,161,707,0.699052195763215,"Sat 3-6",12.3886800163891,0.764227771549486,"Rejected"
352,345,321,0.686974566779099,"Tue 12-3",11.3889882580843,0.509448225493543,"Accepted"
353,809,478,0.892788924975321,"Wed 6-9",5.63110268185847,0.912166318390518,"Rejected"
354,85,648,0.814677439513616,"Fri 12-3",14.7196513814852,0.839381635189056,"Accepted"
355,103,864,0.515008445130661,"Tue 9-12",9.24441406759433,0.64758006343618,"Accepted"
356,58,438,0.597776474547572,"Wed 3-6",7.83825415628962,0.917993566370569,"Accepted"
357,627,92,0.764662607922219,"Fri 3-6",1.01781349605881,0.52075720531866,"Pending"
358,500,306,0.708396489731967,"Thu 12-3",6.87433866620995,0.731101406970993,"Pending"
359,640,482,0.795997149776667,"Tue 3-6",14.3135473278817,0.927385286660865,"Rejected"
360,967,228,0.610424673766829,"Fri 3-6",3.79453765135258,0.79552323021926,"Accepted"
361,329,892,0.931497942772694,"Mon 9-12",6.56255316222087,0.923013693536632,"Accepted"
362,379,903,0.825129487900995,"Thu 6-9",8.01703169336542,0.649289969005622,"Accepted"
363,448,721,0.613547841552645,"Tue 3-6",16.3056648883503,0.865076157730073,"Rejected"
364,349,140,0.94391465804074,"Wed 12-3",8.64115454163402,0.831129455240443,"Accepted"
365,762,402,0.501558794057928,"Wed 6-9",15.0506343971938,0.637457833974622,"Rejected"
366,820,112,0.614104025182314,"Thu 6-9",10.9100258781109,0.70197793841362,"Pending"
367,158,247,0.82609422376845,"Tue 12-3",15.8422304396518,0.971438060281798,"Pending"
368,162,209,0.996433604159392,"Sun 9-12",16.8940142598003,0.964932256843895,"Pending"
369,598,280,0.777576909284107,"Thu 3-6",5.13113862578757,0.660460118902847,"Pending"
370,124,914,0.616031990968622,"Mon 6-9",10.4517972788308,0.791542066843249,"Pending"
371,221,407,0.88926728349179,"Thu 9-12",7.31100264540873,0.806861736811697,"Accepted"
372,182,963,0.689456336898729,"Mon 3-6",19.7648397525772,0.61050305981189,"Rejected"
373,442,6,0.895645157899708,"Wed 3-6",1.78259205748327,0.880645987810567,"Pending"
374,334,958,0.608500982867554,"Sun 9-12",19.5240808813833,0.906566071906127,"Pending"
375,889,531,0.6527670098003,"Sun 9-12",1.33524678973481,0.98487009096425,"Pending"
376,877,734,0.573210275033489,"Wed 3-6",6.13886903342791,0.537137305946089,"Rejected"
377,504,960,0.685436706291512,"Sat 9-12",11.3595588963944,0.52807224530261,"Pending"
378,918,704,0.709752382594161,"Wed 12-3",14.389795903815,0.872529759653844,"Pending"
379,967,393,0.770168865099549,"Fri 3-6",17.365488198353,0.990246747736819,"Accepted"
380,175,465,0.70345088141039,"Fri 12-3",2.63225577585399,0.696947509772144,"Rejected"
381,551,694,0.665143888560124,"Sun 3-6",19.1186055534054,0.901414588326588,"Pending"
382,774,269,0.870651160250418,"Wed 3-6",8.18043822399341,0.603262032615021,"Rejected"
383,623,215,0.514101163716987,"Tue 3-6",19.3089107547421,0.84318088775035,"Pending"
384,266,416,0.612708459608257,"Thu 6-9",18.9797520625871,0.895862453733571,"Rejected"
385,479,222,0.876364979310893,"Tue 3-6",4.12783543323167,0.595458286697976,"Accepted"
386,803,56,0.594981298432685,"Sat 6-9",17.6462772954255,0.643259530304931,"Rejected"
387,660,306,0.574018682702444,"Sat 12-3",1.16152337519452,0.530866323271766,"Accepted"
388,159,160,0.939709960483015,"Fri 6-9",14.4770437364932,0.798622636240907,"Pending"
389,735,228,0.704223090549931,"Sat 9-12",10.9343475629576,0.827597826370038,"Accepted"
390,341,890,0.734857524512336,"Thu 9-12",17.9319696684834,0.951652765157633,"Pending"
391,2,848,0.844339002971537,"Wed 6-9",8.79692289466038,0.6693382228259,"Pending"
392,966,420,0.96763602446299,"Sat 6-9",1.83115129568614,0.888854544376954,"Pending"
393,986,920,0.660700981505215,"Sun 6-9",16.1313489258755,0.77939774049446,"Accepted"
394,490,836,0.806266746483743,"Fri 12-3",13.1748716081493,0.563106624525972,"Accepted"
395,865,601,0.786460112663917,"Mon 6-9",3.67280759522691,0.715830435510725,"Pending"
396,939,89,0.701172566507012,"Sat 3-6",11.9010582242627,0.963572643115185,"Pending"
397,884,248,0.999982016393915,"Fri 12-3",9.24287874973379,0.610714382026345,"Pending"
398,236,890,0.844953085528687,"Tue 6-9",19.1836196556687,0.924486780771986,"Pending"
399,408,195,0.508980187238194,"Thu 3-6",5.64087540959008,0.715748606482521,"Pending"
400,431,961,0.993664344307035,"Wed 6-9",12.4093274890911,0.758692216943018,"Pending"
401,169,651,0.896092161303386,"Mon 9-12",3.55515843397006,0.811612744932063,"Accepted"
402,489,499,0.563961750129238,"Sun 12-3",17.689369101543,0.535021914402023,"Accepted"
403,523,793,0.83470049011521,"Mon 9-12",3.83082844968885,0.996314079966396,"Accepted"
404,880,353,0.733467715093866,"Mon 12-3",4.33450343529694,0.526559571735561,"Accepted"
405,24,691,0.567356343264692,"Wed 3-6",7.8758119258564,0.792039619991556,"Pending"
406,764,145,0.784218003158458,"Sat 9-12",14.2549753186759,0.549685773788951,"Rejected"
407,802,581,0.633960255538113,"Sun 12-3",18.211421597749,0.859660531859845,"Rejected"
408,859,694,0.505076652858406,"Sat 6-9",9.23690999252722,0.79747727420181,"Accepted"
409,645,91,0.956951203756034,"Sat 9-12",3.22763478499837,0.775735117262229,"Pending"
410,90,995,0.711193797294982,"Wed 3-6",19.3840234361123,0.789554853690788,"Rejected"
411,473,288,0.728087945841253,"Wed 12-3",4.93832207866944,0.50481396948453,"Rejected"
412,478,647,0.845154367736541,"Wed 3-6",8.87471133610234,0.504761115880683,"Pending"
413,120,241,0.943123700213619,"Mon 6-9",1.35916019044816,0.956242253654636,"Pending"
414,266,366,0.61768974782899,"Thu 12-3",10.7146162381396,0.988742355257273,"Accepted"
415,170,406,0.775244685471989,"Wed 12-3",1.15049870824441,0.692073182784952,"Rejected"
416,888,134,0.559230986866169,"Wed 3-6",2.57702016108669,0.986999761546031,"Accepted"
417,730,202,0.706407754332758,"Fri 12-3",9.04840316483751,0.563566333497874,"Accepted"
418,80,390,0.734599853516556,"Sat 12-3",4.84848017990589,0.914860719116405,"Rejected"
419,818,765,0.510327129042707,"Mon 9-12",5.41202071076259,0.555472677922808,"Rejected"
420,808,253,0.825583420344628,"Mon 6-9",16.2784046840388,0.842406534939073,"Rejected"
421,844,218,0.799407719634473,"Thu 6-9",12.7000327240676,0.693390003987588,"Rejected"
422,559,71,0.529009656165726,"Fri 6-9",3.04794585588388,0.542583008296788,"Accepted"
423,98,537,0.984073453815654,"Wed 9-12",11.5670400471427,0.547777083935216,"Pending"
424,465,335,0.696991867269389,"Tue 9-12",18.601698446786,0.604644836508669,"Rejected"
425,775,357,0.666899776551872,"Thu 3-6",18.3193147575948,0.835747043602169,"Accepted"
426,312,761,0.681977931992151,"Tue 12-3",4.97964240773581,0.733621813706122,"Pending"
427,933,286,0.879102946957573,"Sun 12-3",5.29335580486804,0.521165993181057,"Pending"
428,949,999,0.845964409061708,"Wed 6-9",1.19328280049376,0.757180760032497,"Accepted"
429,495,369,0.535479920799844,"Sun 6-9",6.79910093336366,0.961996596422978,"Accepted"
430,284,696,0.528786932351068,"Sun 9-12",4.03508619824424,0.726080685388297,"Pending"
431,530,140,0.893093326943927,"Fri 3-6",6.65725575806573,0.932581716915593,"Rejected"
432,611,522,0.69587169366423,"Mon 3-6",18.2789096913766,0.979765287251212,"Rejected"
433,759,75,0.821886271936819,"Mon 9-12",14.8784004922491,0.759791206335649,"Accepted"
434,555,658,0.68111044773832,"Wed 3-6",19.8222093777731,0.606845170608722,"Accepted"
435,273,614,0.924392123473808,"Mon 3-6",18.8920881333761,0.92240703292191,"Rejected"
436,965,414,0.819923940696754,"Sat 9-12",19.3794446091633,0.925262942211702,"Accepted"
437,699,899,0.505276729119942,"Wed 12-3",10.6724311215803,0.561271338840015,"Accepted"
438,683,873,0.707606641575694,"Sat 12-3",11.4334690566175,0.7890040964121,"Rejected"
439,690,529,0.93924112629611,"Mon 6-9",7.7734302058816,0.707469451823272,"Pending"
440,412,44,0.984631287748925,"Sun 3-6",1.83853982598521,0.685168057098053,"Pending"
441,9,681,0.939213839359581,"Sat 12-3",3.25864882953465,0.967649385915138,"Accepted"
442,345,359,0.656892681261525,"Wed 3-6",9.14354329043999,0.658923247596249,"Pending"
443,367,676,0.932603988912888,"Tue 6-9",1.09720322722569,0.890992700005881,"Rejected"
444,693,637,0.533571977284737,"Wed 9-12",3.96176868770272,0.721616020891815,"Accepted"
445,719,638,0.723392947344109,"Wed 9-12",4.53370296931826,0.760995587799698,"Rejected"
446,445,235,0.95004067721311,"Wed 12-3",5.02095470321365,0.812082668533549,"Pending"
447,795,657,0.638971106032841,"Thu 12-3",13.0907259925734,0.967504629050381,"Pending"
448,264,564,0.613534956122749,"Sat 12-3",8.54211474140175,0.509239256381989,"Rejected"
449,201,412,0.511798791238107,"Fri 12-3",3.00887169782072,0.784847761737183,"Pending"
450,788,762,0.641463674721308,"Tue 6-9",14.2570651886053,0.638772320351563,"Pending"
451,121,825,0.522264549625106,"Fri 3-6",4.16005688277073,0.608554842183366,"Rejected"
452,586,69,0.505416620755568,"Mon 12-3",12.8892307323404,0.845152615220286,"Accepted"
453,539,181,0.965133049176075,"Sun 12-3",6.71098551736213,0.734417934552766,"Accepted"
454,215,406,0.5386193866143,"Tue 12-3",12.5392044666223,0.769615491502918,"Accepted"
455,783,42,0.628640715964139,"Fri 9-12",10.2735650171526,0.735553649952635,"Accepted"
456,343,534,0.713106362731196,"Mon 3-6",12.2172062234022,0.733534402213991,"Rejected"
457,289,92,0.867832965799607,"Sun 12-3",15.3995279623196,0.738381169037893,"Rejected"
458,49,777,0.74201031238772,"Thu 9-12",6.30242135422304,0.571718450984918,"Pending"
459,179,231,0.976258888025768,"Sun 9-12",18.216808817815,0.951187345664948,"Accepted"
460,288,816,0.92395765974652,"Sat 3-6",11.7641694324557,0.666517842677422,"Rejected"
461,501,280,0.943895821925253,"Sat 6-9",2.30697308667004,0.563709260080941,"Pending"
462,923,52,0.806385321076959,"Sat 12-3",8.17188195232302,0.675715551595204,"Pending"
463,375,397,0.624279235838912,"Wed 6-9",3.80316249164753,0.795128279947676,"Accepted"
464,979,951,0.706284730811603,"Sun 9-12",7.12899831752293,0.990956543362699,"Rejected"
465,632,168,0.642542366986163,"Sat 9-12",8.40117607871071,0.588440099614672,"Accepted"
466,299,630,0.747470134170726,"Thu 6-9",8.60819779755548,0.575577528681606,"Accepted"
467,237,81,0.942896321881562,"Tue 6-9",4.90534944436513,0.507872042595409,"Accepted"
468,961,674,0.906364224618301,"Fri 9-12",16.0886404581834,0.866532575455494,"Accepted"
469,916,350,0.982182575389743,"Tue 3-6",2.48919156542979,0.9435472516343,"Accepted"
470,660,38,0.585913355578668,"Sat 3-6",12.7255199914798,0.954199698055163,"Pending"
471,556,923,0.833791710319929,"Wed 9-12",17.4684020550922,0.594166259397753,"Pending"
472,107,180,0.892371377791278,"Sun 12-3",8.45538746844977,0.97054480726365,"Accepted"
473,417,851,0.652545524877496,"Sun 9-12",19.3741271919571,0.903044640901498,"Accepted"
474,13,66,0.85930406616535,"Thu 12-3",11.4878108284902,0.846200852305628,"Accepted"
475,887,667,0.712801325018518,"Sun 12-3",12.1000830940902,0.894091678084806,"Rejected"
476,95,661,0.708661102340557,"Tue 12-3",6.13706041430123,0.663016311940737,"Pending"
477,808,937,0.90011080657132,"Wed 12-3",4.75027521373704,0.967942625749856,"Accepted"
478,975,87,0.911849961499684,"Tue 3-6",5.63601672975346,0.717003652825952,"Rejected"
479,124,908,0.848542351857759,"Sun 6-9",11.1692847057711,0.886939593707211,"Rejected"
480,734,79,0.510621962021105,"Sat 12-3",11.0572685278021,0.515331725706346,"Accepted"
481,786,156,0.995041031739675,"Fri 6-9",14.6936684823595,0.645799072110094,"Pending"
482,315,477,0.77805260848254,"Sun 12-3",16.5640504038893,0.963730631861836,"Accepted"
483,522,849,0.884187911869958,"Fri 3-6",4.96464783861302,0.857667676056735,"Pending"
484,733,848,0.989435172174126,"Sun 9-12",3.88931668130681,0.678883961285464,"Accepted"
485,417,826,0.961845323443413,"Tue 3-6",9.93411250668578,0.97208438697271,"Accepted"
486,847,745,0.972868573502637,"Thu 3-6",3.98136847163551,0.837233313708566,"Accepted"
487,907,115,0.713469861773774,"Sun 9-12",17.0653928176034,0.90286568668671,"Rejected"
488,945,254,0.647653396241367,"Sun 9-12",3.19896220858209,0.982302488177083,"Pending"
489,230,570,0.988121052738279,"Sat 3-6",5.78393620043062,0.666568402084522,"Pending"
490,262,166,0.842847746331245,"Mon 3-6",7.27936925366521,0.986127298441716,"Accepted"
491,56,476,0.682041290448979,"Sat 9-12",7.8483471525833,0.913664712221362,"Accepted"
492,800,874,0.922728085890412,"Mon 6-9",19.8608351943549,0.691234605037607,"Pending"
493,301,749,0.691443743067794,"Sat 6-9",15.4103719752748,0.694304464268498,"Pending"
494,613,74,0.905605208361521,"Mon 9-12",4.74515279685147,0.989848564378917,"Rejected"
495,405,29,0.562278186902404,"Sun 12-3",17.5975422782358,0.96421111037489,"Rejected"
496,730,162,0.677301562158391,"Mon 6-9",11.6101357594598,0.506365772918798,"Rejected"
497,136,848,0.566911612520926,"Sun 6-9",15.9413938447833,0.508646091097035,"Rejected"
498,945,845,0.572376285679638,"Sat 12-3",12.0927818007767,0.752708823885769,"Pending"
499,392,739,0.627998990588821,"Sun 6-9",19.7592761209235,0.513036225107498,"Pending"
500,544,191,0.955398759921081,"Mon 6-9",11.1332091465592,0.745909364894032,"Pending"
501,607,534,0.988165738759562,"Fri 6-9",13.0468971047085,0.791423991206102,"Rejected"
502,75,911,0.633558570290916,"Tue 6-9",11.5121002551168,0.756505145691335,"Accepted"
503,425,559,0.637790573993698,"Thu 6-9",6.91754724248312,0.664944476098754,"Pending"
504,656,720,0.860849082702771,"Sat 9-12",15.6342738782987,0.839248829171993,"Rejected"
505,633,513,0.820269632153213,"Tue 3-6",3.49724885076284,0.920548568712547,"Rejected"
506,414,745,0.783143837936223,"Wed 6-9",3.32445228495635,0.67888949776534,"Pending"
507,166,489,0.569304630276747,"Thu 9-12",3.80317051638849,0.745277900714427,"Pending"
508,808,564,0.541509741800837,"Mon 6-9",4.31078767147847,0.670502642053179,"Pending"
509,811,531,0.895916264737025,"Tue 6-9",9.38175844261423,0.743354440201074,"Accepted"
510,225,599,0.625469013815746,"Sat 12-3",11.4513296571095,0.827450887416489,"Accepted"
511,418,998,0.878748857998289,"Wed 9-12",4.68349051033147,0.71102598158177,"Accepted"
512,959,440,0.83339409774635,"Mon 3-6",14.7147646415979,0.617610133602284,"Pending"
513,737,865,0.704202288994566,"Sun 6-9",12.7793341476936,0.519186447258107,"Pending"
514,518,380,0.849235806963407,"Sat 12-3",12.501366822049,0.928059621015564,"Rejected"
515,757,814,0.50150452775415,"Fri 6-9",17.8033149333205,0.809672094183043,"Pending"
516,422,886,0.765738655114546,"Tue 12-3",6.28654430690221,0.98978902946692,"Pending"
517,327,961,0.818398240837269,"Tue 3-6",14.526127015939,0.60840884631034,"Pending"
518,171,161,0.51073759701103,"Sun 12-3",14.3122744907159,0.792541689588688,"Accepted"
519,381,428,0.923101583728567,"Mon 6-9",17.1367109422572,0.81802340853028,"Pending"
520,502,163,0.738311915309168,"Wed 12-3",2.01543207094073,0.783034853870049,"Pending"
521,507,232,0.964734851382673,"Mon 3-6",16.0301746905316,0.635211451444775,"Rejected"
522,524,175,0.966644288273528,"Tue 12-3",18.6916142005939,0.977647994994186,"Rejected"
523,326,910,0.618645865586586,"Fri 9-12",4.00197647535242,0.886709160171449,"Pending"
524,833,619,0.941628505010158,"Fri 12-3",2.33647758187726,0.704531182185747,"Accepted"
525,204,626,0.856059479643591,"Thu 6-9",8.06401898479089,0.657296604127623,"Accepted"
526,968,726,0.789590051746927,"Sat 6-9",6.02911060350016,0.956210757605731,"Pending"
527,946,695,0.813795872731134,"Tue 12-3",16.4887678492814,0.737451849505305,"Accepted"
528,693,961,0.986509557696991,"Thu 6-9",11.6635435116477,0.760236809961498,"Rejected"
529,22,641,0.682689745910466,"Sat 12-3",19.1301558099221,0.877147287712432,"Rejected"
530,252,538,0.555229091551155,"Mon 3-6",19.8056896654889,0.778607826912776,"Rejected"
531,666,991,0.568324779276736,"Fri 9-12",13.8564897391479,0.575877022463828,"Pending"
532,591,527,0.881305178045295,"Tue 3-6",12.8368842985947,0.810728199896403,"Pending"
533,722,602,0.884566021035425,"Tue 12-3",6.81207548850216,0.607891027582809,"Pending"
534,288,327,0.673993945121765,"Fri 9-12",18.317439065082,0.938452418195084,"Pending"
535,654,973,0.535009130486287,"Thu 12-3",16.8001223353203,0.531834515393712,"Rejected"
536,440,581,0.610139516997151,"Tue 9-12",7.22788547514938,0.65826960594859,"Pending"
537,168,787,0.589372198912315,"Thu 6-9",18.1946395684499,0.702885795035399,"Pending"
538,356,857,0.730454133590683,"Tue 3-6",19.1038930579089,0.553847675677389,"Pending"
539,898,123,0.568234668346122,"Mon 9-12",4.27823219099082,0.703815791173838,"Rejected"
540,641,37,0.899732530699112,"Mon 9-12",10.5203026344534,0.849636433762498,"Rejected"
541,440,22,0.762598015018739,"Fri 9-12",16.4880268038251,0.686878455220722,"Accepted"
542,905,648,0.550940031651407,"Wed 3-6",13.9464822544251,0.784301472012885,"Pending"
543,342,696,0.815820801188238,"Fri 12-3",7.44334760680795,0.777632699580863,"Rejected"
544,967,630,0.502163113211282,"Mon 12-3",3.30354037182406,0.814871728769504,"Rejected"
545,829,522,0.575351429870352,"Fri 3-6",17.1113223782741,0.718347190995701,"Rejected"
546,646,50,0.868433641735464,"Tue 3-6",10.3673053386156,0.991036795196123,"Rejected"
547,663,598,0.742963877739385,"Tue 3-6",1.99630837002769,0.850219585932791,"Accepted"
548,712,307,0.736153170117177,"Sun 3-6",17.7164632016793,0.706592607544735,"Pending"
549,873,491,0.875269645825028,"Sat 9-12",13.0357883283868,0.611800861661322,"Rejected"
550,949,382,0.888838658924215,"Wed 12-3",6.11776966694742,0.536280880332924,"Accepted"
551,315,946,0.815488509484567,"Thu 3-6",17.9810865775216,0.520187318790704,"Accepted"
552,378,877,0.694678904255852,"Sun 9-12",19.5902027252596,0.946444638888352,"Accepted"
553,578,366,0.983280462212861,"Mon 3-6",19.5659367712215,0.714491215534508,"Accepted"
554,197,334,0.538136047543958,"Thu 9-12",15.3909545307979,0.929235278512351,"Pending"
555,17,404,0.943366535822861,"Mon 6-9",6.16408675536513,0.573567933985032,"Accepted"
556,2,750,0.987820307840593,"Sat 3-6",18.1255839208607,0.947302559274249,"Accepted"
557,222,884,0.952869367552921,"Thu 12-3",8.17804090119898,0.525187963037752,"Rejected"
558,347,879,0.745614370214753,"Tue 6-9",19.8098814822733,0.517286979476921,"Rejected"
559,885,581,0.67204394005239,"Sat 9-12",15.501864064252,0.663037003949285,"Rejected"
560,948,358,0.846000164863653,"Sat 3-6",11.1150241103023,0.842909288243391,"Accepted"
561,246,876,0.595783942029811,"Sun 6-9",18.0425566816702,0.895950698875822,"Rejected"
562,956,498,0.781814940506592,"Sun 3-6",19.4302133363672,0.684751470922492,"Pending"
563,408,754,0.747496657888405,"Wed 9-12",12.4118437762372,0.736375656560995,"Rejected"
564,314,963,0.742488753050566,"Fri 9-12",4.4724154965952,0.954916276154108,"Rejected"
565,294,542,0.668348351144232,"Sun 12-3",4.71592375729233,0.702330206520855,"Accepted"
566,106,951,0.735055725672282,"Wed 6-9",19.4071439490654,0.685829639318399,"Pending"
567,269,810,0.783258868032135,"Fri 9-12",15.2584879109636,0.525618572253734,"Rejected"
568,308,804,0.920101591502316,"Wed 12-3",7.79497950640507,0.560515473829582,"Rejected"
569,540,925,0.87599778699223,"Wed 9-12",14.3443979313597,0.732789240544662,"Rejected"
570,229,116,0.709832502063364,"Sat 3-6",10.6902225827798,0.522233703639358,"Accepted"
571,186,609,0.828716536518186,"Tue 6-9",14.2914840634912,0.53822878038045,"Rejected"
572,384,73,0.581974005559459,"Sat 6-9",7.49117477983236,0.859917103196494,"Pending"
573,726,674,0.998937311931513,"Mon 3-6",15.8510752038565,0.592632509069517,"Rejected"
574,268,561,0.814545949338935,"Mon 12-3",18.312569931848,0.992919713142328,"Rejected"
575,641,103,0.937953937682323,"Mon 9-12",15.6724204930943,0.786255964078009,"Accepted"
576,933,767,0.75879788142629,"Thu 6-9",3.28128620795906,0.959703732049093,"Rejected"
577,555,162,0.752894318895414,"Fri 9-12",14.3048409528565,0.615668659447692,"Rejected"
578,215,595,0.895846835337579,"Sun 12-3",4.05667192861438,0.97302647784818,"Pending"
579,539,439,0.703408720437437,"Sat 3-6",12.1583027092274,0.767279459279962,"Rejected"
580,509,72,0.527604833245277,"Thu 3-6",7.58695346070454,0.869304275140166,"Accepted"
581,131,330,0.785133646917529,"Thu 3-6",8.8323999249842,0.962904970860109,"Rejected"
582,960,553,0.7768296537688,"Tue 12-3",13.1136727172416,0.758959701168351,"Pending"
583,426,845,0.728172017727047,"Sat 12-3",4.47250234428793,0.999595223460346,"Rejected"
584,217,28,0.580095940968022,"Sun 3-6",10.6901489931624,0.623335538664833,"Pending"
585,819,325,0.602945950580761,"Tue 9-12",11.5541999218985,0.709450992872007,"Accepted"
586,193,330,0.733959432807751,"Sat 6-9",7.91064422973432,0.68322173692286,"Accepted"
587,143,231,0.524044367019087,"Sat 6-9",3.47586240293458,0.89533731341362,"Pending"
588,708,548,0.569329015561379,"Wed 3-6",18.9994880016893,0.59425195120275,"Rejected"
589,123,845,0.510607164236717,"Tue 12-3",17.7628852000926,0.737404097570106,"Rejected"
590,620,290,0.595548912417144,"Tue 12-3",7.97886323393323,0.823832856724039,"Rejected"
591,130,869,0.5442067674594,"Mon 3-6",7.38190848240629,0.696593866683543,"Pending"
592,277,382,0.760995976859704,"Wed 12-3",7.64528623176739,0.876537954434752,"Accepted"
593,528,378,0.598585761385038,"Mon 12-3",2.71934745344333,0.873262674780563,"Rejected"
594,32,7,0.657994311652146,"Tue 12-3",17.8577868661378,0.903154275729321,"Accepted"
595,635,323,0.547547814901918,"Fri 9-12",16.759127760306,0.742563637089916,"Rejected"
596,598,193,0.644267010386102,"Fri 3-6",5.83714411710389,0.518041128176264,"Rejected"
597,881,703,0.954250211711042,"Mon 9-12",11.3322452616412,0.721912080538459,"Accepted"
598,817,703,0.965808233711869,"Sun 3-6",1.68090766714886,0.697764798649587,"Accepted"
599,354,718,0.976837254362181,"Fri 9-12",3.00899810297415,0.704101994168013,"Rejected"
600,197,559,0.869891703827307,"Thu 9-12",16.0975433287676,0.979655791306868,"Pending"
601,481,181,0.803536185994744,"Tue 12-3",19.2918155039661,0.778261964092962,"Rejected"
602,521,778,0.852020274614915,"Thu 6-9",16.6996969578322,0.856529112672433,"Rejected"
603,396,426,0.661931399605237,"Mon 3-6",1.60630645463243,0.507479377556592,"Rejected"
604,318,838,0.935492728254758,"Tue 6-9",2.04236668930389,0.684046735055745,"Accepted"
605,851,629,0.846944572753273,"Sun 12-3",7.11991600506008,0.505075872060843,"Rejected"
606,588,580,0.730174269876443,"Fri 3-6",10.6023246620316,0.510398027021438,"Pending"
607,410,662,0.622039806214161,"Sat 9-12",4.28678695857525,0.892124076024629,"Rejected"
608,287,383,0.531844616518356,"Tue 3-6",4.27988575655036,0.717366134398617,"Accepted"
609,962,992,0.743908324162476,"Fri 9-12",7.71428929828107,0.542855271021836,"Rejected"
610,678,179,0.722255595843308,"Sun 6-9",11.2360802607145,0.689109481056221,"Pending"
611,635,926,0.964894725591876,"Wed 6-9",6.97693021944724,0.976568697020411,"Rejected"
612,760,452,0.581106962286867,"Mon 9-12",11.8233190283645,0.948531476431526,"Pending"
613,990,923,0.773803025134839,"Fri 6-9",18.6242610632908,0.983329282025807,"Rejected"
614,144,849,0.951048533781432,"Wed 6-9",13.9629845900927,0.636430349666625,"Rejected"
615,262,532,0.584708389011212,"Mon 6-9",11.9381704658736,0.518698457977735,"Accepted"
616,986,487,0.615608549793251,"Fri 6-9",1.41088643204421,0.666478810249828,"Pending"
617,500,249,0.836387858958915,"Mon 3-6",14.16393551277,0.715382673195563,"Accepted"
618,899,14,0.601900538313203,"Wed 3-6",2.46310971071944,0.775487102917396,"Pending"
619,818,336,0.836204811814241,"Sat 12-3",12.5924329760019,0.778780079213902,"Rejected"
620,59,490,0.773523383424617,"Wed 6-9",19.3039885936305,0.948808769695461,"Rejected"
621,202,878,0.523795343353413,"Sun 3-6",14.1754373465665,0.90817967732437,"Pending"
622,466,257,0.630033718654886,"Fri 12-3",9.64062785799615,0.610994136193767,"Pending"
623,188,819,0.651524144923314,"Mon 3-6",6.49406107352115,0.557585078291595,"Pending"
624,458,245,0.619425850803964,"Thu 6-9",4.38132126489654,0.690779930213466,"Rejected"
625,436,561,0.747835332760587,"Mon 12-3",7.4195958643686,0.73007416096516,"Pending"
626,570,10,0.949397493037395,"Sun 12-3",8.41301277955063,0.830769955762662,"Pending"
627,282,712,0.719392379396595,"Thu 12-3",4.05918515007943,0.631463847472332,"Accepted"
628,598,632,0.658117512008175,"Mon 3-6",19.0483284641523,0.70212867076043,"Rejected"
629,312,820,0.720699294353835,"Thu 3-6",2.05728898267262,0.599225449026562,"Pending"
630,653,651,0.530152592458762,"Sat 6-9",1.21203559823334,0.783843899611384,"Pending"
631,86,912,0.600133686210029,"Thu 12-3",5.50388258812018,0.527549464488402,"Accepted"
632,426,425,0.925484594423324,"Tue 9-12",2.65983930113725,0.956508673494682,"Rejected"
633,604,955,0.782632385496981,"Tue 6-9",16.8508100586478,0.827861146070063,"Pending"
634,240,67,0.655882268678397,"Wed 12-3",2.84857253357768,0.884122378774919,"Pending"
635,940,653,0.745414175209589,"Thu 6-9",2.47092984733172,0.517839700914919,"Pending"
636,106,307,0.799852985655889,"Sun 12-3",13.7608865408693,0.624306669342332,"Accepted"
637,47,600,0.660813336609863,"Sun 9-12",3.71174051961862,0.54767409991473,"Pending"
638,809,213,0.881957298610359,"Fri 6-9",15.5333411991596,0.790187858277932,"Pending"
639,434,614,0.887786786654033,"Tue 6-9",3.2560698883608,0.7508842011448,"Pending"
640,207,621,0.761411277228035,"Sun 12-3",8.90346816787496,0.747509619686753,"Pending"
641,105,479,0.828767492203042,"Thu 9-12",8.94897618191317,0.681564705795608,"Pending"
642,952,927,0.645722073619254,"Sat 12-3",11.335212425096,0.899676069966517,"Rejected"
643,29,429,0.992848321562633,"Mon 3-6",6.76458989339881,0.598019527737051,"Rejected"
644,678,560,0.701796407694928,"Mon 12-3",3.45055854110979,0.883670044131577,"Rejected"
645,570,595,0.889004687895067,"Thu 9-12",19.4155958371703,0.808397978893481,"Accepted"
646,985,885,0.673450084286742,"Wed 12-3",16.9445264076348,0.82734542072285,"Rejected"
647,142,286,0.642319424194284,"Tue 9-12",17.7137264022604,0.644104080856778,"Pending"
648,468,144,0.648772810702212,"Tue 9-12",1.58642869349569,0.536085931933485,"Accepted"
649,774,253,0.795426740078256,"Wed 3-6",13.7558679722715,0.827774014789611,"Pending"
650,289,261,0.736048951279372,"Fri 6-9",16.1399178495631,0.621942979865707,"Accepted"
651,861,247,0.6702959445538,"Sun 9-12",17.2353456390556,0.545840387465432,"Rejected"
652,362,909,0.588092121528462,"Tue 9-12",19.3869646408129,0.609140087035485,"Pending"
653,28,127,0.594588863197714,"Sun 9-12",12.5691495174542,0.930596912512556,"Rejected"
654,977,309,0.541051241802052,"Thu 6-9",4.70184651692398,0.695122782839462,"Rejected"
655,946,649,0.85420897055883,"Sun 6-9",6.48692051391117,0.905132206273265,"Pending"
656,260,341,0.541289648390375,"Sat 6-9",19.9090056661516,0.885611144825816,"Rejected"
657,636,435,0.996729423524812,"Mon 3-6",1.30723090167157,0.603060945286416,"Pending"
658,970,211,0.539195517427288,"Fri 9-12",14.5222761090845,0.755192250013351,"Pending"
659,70,804,0.541160999448039,"Thu 6-9",16.7209134350996,0.580509656458162,"Rejected"
660,891,831,0.536270066164434,"Thu 3-6",10.6392724451143,0.900811903760768,"Rejected"
661,829,375,0.824158390751109,"Mon 9-12",5.14376951940358,0.629800870199688,"Rejected"
662,634,40,0.960803947295062,"Sun 6-9",18.3570810111705,0.707772283349186,"Accepted"
663,841,160,0.629636564059183,"Tue 3-6",5.6770184757188,0.783336932538077,"Pending"
664,258,516,0.697892341995612,"Wed 6-9",11.7696142811328,0.613587257452309,"Pending"
665,156,23,0.697558228857815,"Wed 9-12",11.6179513793904,0.75572406349238,"Rejected"
666,150,46,0.875860157771967,"Sun 3-6",5.37561020045541,0.53196215047501,"Accepted"
667,552,318,0.703815496526659,"Fri 3-6",1.19279327359982,0.636156134074554,"Rejected"
668,93,800,0.783290182938799,"Tue 3-6",19.6479913224466,0.975327199557796,"Accepted"
669,76,308,0.742693259031512,"Sat 3-6",14.2789062021766,0.950212765485048,"Accepted"
670,745,410,0.618030952988192,"Wed 9-12",7.9930098480545,0.858378080418333,"Accepted"
671,975,151,0.829433062463067,"Mon 6-9",14.4710736211855,0.536747725098394,"Pending"
672,970,802,0.897207107511349,"Fri 9-12",18.0964449672028,0.564767656847835,"Rejected"
673,628,915,0.973148261662573,"Tue 9-12",3.69890037667938,0.6276021982776,"Accepted"
674,898,914,0.577092949533835,"Mon 3-6",8.69902903982438,0.525454527116381,"Accepted"
675,360,536,0.765836388804018,"Sun 12-3",2.46693964442238,0.924248113995418,"Pending"
676,371,119,0.544179007876664,"Mon 3-6",15.6400274273474,0.848871363559738,"Rejected"
677,114,557,0.833111983025447,"Sat 6-9",19.0902802969795,0.587973130401224,"Rejected"
678,719,639,0.610354561824352,"Mon 6-9",9.68516802811064,0.865852978429757,"Rejected"
679,560,990,0.732684760470875,"Mon 3-6",12.7202858431265,0.914389082696289,"Rejected"
680,47,836,0.910090708290227,"Sun 12-3",17.7207746729255,0.779467151383869,"Accepted"
681,366,634,0.996352668153122,"Mon 12-3",18.9949155095965,0.657993915257975,"Accepted"
682,674,567,0.752846842166036,"Fri 12-3",17.8352836389095,0.627938534133136,"Pending"
683,55,76,0.772343505406752,"Sun 12-3",14.7229660816956,0.847080994979478,"Pending"
684,199,578,0.911672581452876,"Sat 9-12",14.158479162259,0.882970828562975,"Accepted"
685,978,269,0.855580084607936,"Thu 9-12",2.61220653564669,0.765695637906902,"Rejected"
686,265,296,0.912078103749081,"Fri 3-6",7.41503203404136,0.846521278494038,"Accepted"
687,590,650,0.891366796335205,"Tue 3-6",6.66206513927318,0.702837699907832,"Pending"
688,53,84,0.92043159075547,"Tue 12-3",15.0864271838218,0.780960525735281,"Rejected"
689,250,655,0.828229563776404,"Tue 3-6",6.20813067001291,0.732136891921982,"Accepted"
690,638,287,0.641990688280202,"Tue 6-9",19.4717725364026,0.544197337003425,"Rejected"
691,148,341,0.944037414854392,"Mon 12-3",3.21410174947232,0.79567324987147,"Pending"
692,138,217,0.937346529681236,"Thu 9-12",12.3340742154978,0.722932499484159,"Rejected"
693,11,881,0.774740460095927,"Mon 12-3",11.0633830884472,0.927028918871656,"Pending"
694,438,811,0.832727713161148,"Tue 6-9",4.41423407639377,0.713849693536758,"Rejected"
695,223,605,0.830415413947776,"Mon 9-12",5.11850866116583,0.682579875923693,"Rejected"
696,380,311,0.677436009398662,"Sat 9-12",17.0875383776147,0.515212610596791,"Accepted"
697,797,519,0.989367768517695,"Sun 12-3",10.3499197638594,0.531709841219708,"Rejected"
698,983,884,0.864008675911464,"Thu 12-3",14.3844351202715,0.984396882355213,"Rejected"
699,776,818,0.860080391983502,"Wed 9-12",8.65630439878441,0.598705226788297,"Accepted"
700,678,97,0.681833826238289,"Thu 6-9",2.06595850759186,0.833869309630245,"Rejected"
701,988,653,0.842433489509858,"Tue 3-6",18.2423204779625,0.833156192209572,"Rejected"
702,627,16,0.753238856210373,"Fri 9-12",1.60278235911392,0.555933475960046,"Accepted"
703,544,420,0.90411590016447,"Thu 12-3",6.75506380922161,0.745983893983066,"Accepted"
704,80,869,0.795184785267338,"Thu 12-3",14.6681417194195,0.612128985696472,"Pending"
705,215,837,0.675191609421745,"Thu 3-6",6.55842908238992,0.706973688211292,"Accepted"
706,971,289,0.730429891147651,"Sat 3-6",16.9164959564805,0.700817176839337,"Accepted"
707,88,125,0.845813854481094,"Fri 6-9",8.25108879548497,0.66714598168619,"Pending"
708,290,854,0.614597781794146,"Sat 3-6",13.7924514259212,0.870962517568842,"Accepted"
709,430,6,0.719221399514936,"Thu 12-3",12.9680106760934,0.932508921832778,"Accepted"
710,309,355,0.821258164127357,"Sun 3-6",5.51562806614675,0.691852379939519,"Pending"
711,9,107,0.974502476165071,"Mon 9-12",8.18046265654266,0.977784937946126,"Pending"
712,121,982,0.89635631989222,"Tue 6-9",16.5185703658499,0.544528616592288,"Pending"
713,890,154,0.803925288259052,"Sun 9-12",2.05853633885272,0.9690419617109,"Accepted"
714,102,802,0.649497498408891,"Tue 3-6",10.616592222359,0.830084338551387,"Pending"
715,390,856,0.85387078684289,"Mon 12-3",1.45749395503663,0.664860773133114,"Pending"
716,483,345,0.857985542621464,"Sun 9-12",14.3493078032043,0.566565712331794,"Rejected"
717,925,230,0.655110979219899,"Tue 12-3",5.42305377405137,0.723442506976426,"Pending"
718,616,510,0.512734676827677,"Tue 3-6",7.61424536583945,0.624905900447629,"Accepted"
719,952,154,0.503951937542297,"Mon 3-6",12.6283256825991,0.831708057317883,"Accepted"
720,388,903,0.53774266212713,"Thu 6-9",17.5599195011891,0.998239734792151,"Rejected"
721,351,562,0.580416656914167,"Wed 9-12",7.88982735713944,0.525342351407744,"Pending"
722,99,226,0.79268624749966,"Sat 6-9",1.69363683508709,0.570255184313282,"Accepted"
723,28,253,0.905369330546819,"Sun 6-9",15.7444195395801,0.964297491009347,"Rejected"
724,860,100,0.685097939451225,"Tue 6-9",8.94267215509899,0.766139651532285,"Rejected"
725,849,895,0.620396333164535,"Mon 3-6",14.4373876696918,0.832902124151587,"Rejected"
726,346,869,0.83082923211623,"Mon 3-6",17.1672965832986,0.709847088088281,"Pending"
727,189,7,0.683107884018682,"Fri 12-3",9.96551199979149,0.882892083725892,"Accepted"
728,938,223,0.617862972663715,"Sat 3-6",16.1772402341012,0.794601068482734,"Accepted"
729,280,21,0.844831395195797,"Thu 9-12",7.26416557678021,0.754376964760013,"Rejected"
730,884,782,0.746886852197349,"Fri 3-6",17.0270468450617,0.544951095827855,"Accepted"
731,8,989,0.766679227468558,"Sun 12-3",8.56853910745122,0.931023254292086,"Accepted"
732,809,200,0.934099714853801,"Fri 12-3",10.9397141372319,0.771721871336922,"Pending"
733,505,64,0.803827459341846,"Mon 6-9",3.36831245338544,0.556453786906786,"Accepted"
734,90,191,0.518567257444374,"Sun 12-3",4.32368666841649,0.92864272557199,"Accepted"
735,882,728,0.662049787468277,"Wed 12-3",1.52842648071237,0.577833264833316,"Rejected"
736,814,617,0.873749544145539,"Thu 9-12",17.6769044580869,0.532814887701534,"Accepted"
737,907,896,0.789910233113915,"Thu 3-6",2.53136300365441,0.757978823268786,"Pending"
738,469,945,0.791994040482678,"Mon 3-6",3.77861397736706,0.580516344751231,"Pending"
739,974,484,0.786876952392049,"Tue 12-3",5.6872453445103,0.900065818685107,"Accepted"
740,903,577,0.869581574341282,"Sun 3-6",19.7525252257474,0.533193114679307,"Rejected"
741,830,301,0.598728745360859,"Wed 12-3",6.90639640484005,0.621922478894703,"Rejected"
742,237,248,0.503784011234529,"Thu 9-12",13.4122212694492,0.681547432672232,"Pending"
743,265,259,0.917186450213194,"Sun 6-9",11.2958958393428,0.894181165727787,"Rejected"
744,771,822,0.698684919276275,"Sun 9-12",8.61237234831788,0.82160562206991,"Pending"
745,289,727,0.510044623399153,"Sun 9-12",16.2320136742201,0.883384791668504,"Pending"
746,204,703,0.688758582575247,"Sun 6-9",2.88546743919142,0.968858866021037,"Rejected"
747,133,453,0.587904548388906,"Tue 3-6",13.1998069291003,0.766602869727649,"Accepted"
748,651,870,0.566237668506801,"Fri 3-6",4.42381140124053,0.869182301918045,"Accepted"
749,280,243,0.667036671773531,"Thu 6-9",8.08813288901001,0.79131108627189,"Accepted"
750,449,61,0.599399992846884,"Fri 12-3",4.71126436442137,0.80046232289169,"Rejected"
751,162,996,0.831120471819304,"Sat 9-12",4.59319217014126,0.50819503783714,"Rejected"
752,979,457,0.673951428150758,"Tue 9-12",7.142528061755,0.996314302436076,"Rejected"
753,402,592,0.68243420124054,"Mon 12-3",10.6642691548914,0.992842223960906,"Rejected"
754,724,16,0.732166796224192,"Mon 6-9",14.4306455114856,0.791473406367004,"Pending"
755,83,363,0.683033212204464,"Sun 6-9",16.8806482795626,0.587953404290602,"Rejected"
756,941,732,0.908659982844256,"Mon 12-3",18.9077953074593,0.921780342352577,"Accepted"
757,578,768,0.520340344985016,"Wed 12-3",1.35366988298483,0.530807242612354,"Pending"
758,53,68,0.887978769722395,"Wed 3-6",10.687800221378,0.667594489990734,"Pending"
759,872,84,0.792724159779027,"Fri 3-6",18.0504932256881,0.955223661381751,"Accepted"
760,501,26,0.910196686978452,"Wed 3-6",11.0915532780346,0.725628742715344,"Accepted"
761,595,653,0.988674662774429,"Sun 6-9",5.4691239357926,0.912085171672516,"Accepted"
762,662,524,0.798279968090355,"Sat 3-6",4.58284597867168,0.962627949542366,"Accepted"
763,593,502,0.826031007338315,"Sat 12-3",19.3275999207981,0.505537441233173,"Accepted"
764,712,191,0.791134086670354,"Mon 9-12",5.04098773025908,0.701537302345969,"Pending"
765,948,421,0.535916183958761,"Thu 6-9",15.7529147409368,0.591868080198765,"Rejected"
766,866,699,0.920724916737527,"Sun 6-9",5.88240347919054,0.902154871379025,"Rejected"
767,423,838,0.665833295206539,"Fri 9-12",6.90006949822418,0.52282720443327,"Accepted"
768,215,649,0.952126110321842,"Sun 6-9",1.74423386645503,0.722414868418127,"Accepted"
769,823,291,0.85487269971054,"Tue 3-6",3.55037234839983,0.775217524380423,"Pending"
770,599,633,0.517085946281441,"Sat 6-9",11.4661011083517,0.607850110041909,"Rejected"
771,319,514,0.87511957262177,"Wed 9-12",10.7204039033968,0.96079270914197,"Rejected"
772,653,552,0.962224540999159,"Thu 6-9",9.88679808541201,0.843631383613683,"Rejected"
773,424,355,0.668165539624169,"Wed 12-3",9.9748597391881,0.870701520703733,"Pending"
774,791,537,0.605585697223432,"Mon 6-9",19.8915664486121,0.971709283883683,"Accepted"
775,722,522,0.583751123514958,"Sun 9-12",10.8000169692095,0.529859156813473,"Rejected"
776,90,318,0.988804169930518,"Sun 6-9",17.5907747319434,0.925628000753932,"Rejected"
777,964,574,0.925147228874266,"Mon 12-3",9.93512722058222,0.875527675962076,"Accepted"
778,429,150,0.792988190543838,"Thu 9-12",3.80246295011602,0.51845889154356,"Pending"
779,51,499,0.766033512540162,"Thu 12-3",5.85221209889278,0.80621387809515,"Pending"
780,101,717,0.852295049582608,"Tue 6-9",10.2885558526032,0.683310808963142,"Accepted"
781,162,532,0.774313649861142,"Tue 3-6",12.5197038594633,0.992875766358338,"Rejected"
782,414,118,0.828834066982381,"Tue 6-9",6.2140628292691,0.782829115632921,"Rejected"
783,770,393,0.706987718935125,"Tue 6-9",10.8663923400454,0.685564693296328,"Accepted"
784,107,862,0.618685409426689,"Mon 3-6",12.6610801271163,0.608165386714973,"Rejected"
785,925,718,0.551121755503118,"Mon 6-9",18.1270846934058,0.527371542644687,"Rejected"
786,286,472,0.829205563408323,"Tue 6-9",12.1677313419059,0.514785574749112,"Rejected"
787,164,776,0.949343410786241,"Tue 6-9",11.9640111404005,0.910834738169797,"Accepted"
788,633,156,0.92735049512703,"Tue 6-9",13.0745066551026,0.544513337430544,"Pending"
789,974,102,0.823883005650714,"Fri 6-9",3.25260436814278,0.810770618496463,"Rejected"
790,238,680,0.9880467785988,"Sun 12-3",7.90749681927264,0.638653194066137,"Accepted"
791,385,945,0.545033472240902,"Wed 6-9",9.39175627450459,0.902704918640666,"Rejected"
792,512,691,0.777660222142003,"Mon 9-12",8.34073614515364,0.651743697701022,"Pending"
793,706,986,0.972697342513129,"Sun 9-12",7.2982776358258,0.923646035022102,"Rejected"
794,660,663,0.906196654308587,"Thu 3-6",15.2330465225969,0.985399554949254,"Rejected"
795,655,430,0.736975203035399,"Mon 12-3",16.5333244802896,0.833324771374464,"Pending"
796,641,367,0.825612055021338,"Fri 3-6",8.94140921835788,0.562933398876339,"Accepted"
797,492,391,0.871766203432344,"Wed 3-6",18.6664685907308,0.572219997411594,"Accepted"
798,809,380,0.620574917993508,"Wed 6-9",19.8278609409463,0.889939771150239,"Rejected"
799,938,826,0.542305330280215,"Mon 6-9",4.53062575100921,0.618814151035622,"Pending"
800,603,728,0.971497640945017,"Sun 12-3",11.8819782435894,0.673748118104413,"Rejected"
801,133,338,0.847686190274544,"Wed 3-6",8.67350560799241,0.70847827650141,"Rejected"
802,137,131,0.761944698519073,"Wed 9-12",14.645198029466,0.70443963597063,"Rejected"
803,399,31,0.974505583988503,"Fri 12-3",16.0702559314668,0.589745212113485,"Rejected"
804,385,508,0.773150995490141,"Wed 6-9",5.2205064012669,0.741422531194985,"Accepted"
805,36,383,0.913687270949595,"Tue 6-9",2.92670535319485,0.834697404527105,"Pending"
806,683,884,0.521583798108622,"Mon 12-3",2.22145334701054,0.562921064440161,"Pending"
807,360,435,0.772878487012349,"Thu 6-9",5.51074551115744,0.866709974594414,"Pending"
808,362,270,0.828989819972776,"Sun 12-3",8.56760670687072,0.773167024133727,"Pending"
809,4,13,0.774049346800894,"Sat 9-12",16.1717893646564,0.606596032623202,"Accepted"
810,249,156,0.740394543390721,"Sat 12-3",10.5131441585254,0.754085790365934,"Pending"
811,223,771,0.542885781847872,"Sun 9-12",7.42294444190338,0.992132585146464,"Accepted"
812,90,432,0.52950366132427,"Thu 9-12",16.0446659261361,0.825537628377788,"Pending"
813,950,543,0.875635408563539,"Thu 9-12",18.056696664542,0.935516069061123,"Rejected"
814,731,472,0.575065779034048,"Thu 9-12",6.60184529330581,0.652084655012004,"Rejected"
815,447,983,0.672729741665535,"Sat 6-9",13.7103951140307,0.715821448946372,"Pending"
816,425,625,0.836761133163236,"Sat 12-3",4.60932908812538,0.815142158069648,"Pending"
817,895,960,0.96488045679871,"Tue 3-6",14.1593149208929,0.720524294185452,"Pending"
818,571,375,0.53884591255337,"Sat 12-3",9.00848081288859,0.720390384900384,"Pending"
819,687,174,0.840280962991528,"Mon 12-3",3.7434368529357,0.980823273072019,"Accepted"
820,898,337,0.66758696641773,"Fri 9-12",4.4349130995106,0.635414309683256,"Pending"
821,318,154,0.582409020047635,"Mon 9-12",7.91293957992457,0.576779756695032,"Accepted"
822,424,637,0.877995917457156,"Sat 6-9",15.1896602518391,0.602694076369517,"Rejected"
823,504,857,0.869451204314828,"Wed 12-3",14.6828660264146,0.850322871934623,"Accepted"
824,978,426,0.649041272932664,"Mon 12-3",9.96573059214279,0.946192555944435,"Pending"
825,187,108,0.575051141087897,"Sun 12-3",14.566879800288,0.634128179983236,"Pending"
826,586,618,0.775953710312024,"Sun 9-12",15.604983034078,0.936011694022454,"Rejected"
827,196,436,0.79176013963297,"Mon 6-9",19.5800328967161,0.919579047360457,"Accepted"
828,322,553,0.939691254519857,"Sat 3-6",15.5569015687797,0.741714506642893,"Accepted"
829,149,580,0.795459098182619,"Sun 12-3",10.231848326046,0.526246657711454,"Pending"
830,399,430,0.767470031860285,"Wed 3-6",2.37451416393742,0.619326169602573,"Pending"
831,556,144,0.726959908963181,"Tue 9-12",7.90058709261939,0.695382517413236,"Accepted"
832,275,259,0.795124225202017,"Sun 9-12",15.2918963851407,0.80312054103706,"Pending"
833,759,673,0.762953689671122,"Sat 3-6",1.31319807958789,0.636242501554079,"Rejected"
834,811,194,0.82563240325544,"Fri 12-3",9.61066663381644,0.756897315732203,"Accepted"
835,713,552,0.557160266209394,"Sat 12-3",3.77159557607956,0.940059670247138,"Accepted"
836,389,701,0.877208842546679,"Sat 12-3",18.3077693937812,0.955675306613557,"Accepted"
837,321,241,0.650372888543643,"Wed 3-6",8.82113118469715,0.88992355694063,"Pending"
838,733,947,0.857805329258554,"Sat 9-12",18.0481083425693,0.950812960625626,"Rejected"
839,98,850,0.930492983316071,"Tue 3-6",6.97705357219093,0.951540448353626,"Accepted"
840,485,486,0.687870451132767,"Fri 6-9",12.7087399042211,0.870226106140763,"Pending"
841,835,626,0.581582337734289,"Mon 12-3",17.8244772457983,0.714650266687386,"Rejected"
842,800,512,0.590330932172947,"Sun 3-6",6.83605805947445,0.526907649356872,"Accepted"
843,193,692,0.87015054631047,"Thu 6-9",3.28652920387685,0.621597150922753,"Pending"
844,86,904,0.780540952342562,"Sat 12-3",11.1249480871484,0.992018836550415,"Pending"
845,58,943,0.613332036416978,"Wed 9-12",3.39983613975346,0.530129187973216,"Rejected"
846,748,953,0.846980419592001,"Thu 3-6",11.4751688090619,0.659342529834248,"Rejected"
847,414,843,0.746003550942987,"Wed 3-6",11.0059020547196,0.52850939903874,"Accepted"
848,968,876,0.567201897269115,"Fri 3-6",7.00165259721689,0.876958546112292,"Pending"
849,755,237,0.995610319427215,"Mon 6-9",13.2399455907289,0.513596274075098,"Rejected"
850,942,322,0.806433076737449,"Thu 3-6",11.9320433239918,0.779926283867098,"Pending"
851,215,825,0.856604867149144,"Mon 12-3",6.42167141591199,0.500229013152421,"Rejected"
852,948,201,0.756996411364526,"Mon 3-6",14.2257006964646,0.554855649010278,"Rejected"
853,34,207,0.75978816638235,"Wed 9-12",13.1483686889987,0.651727339718491,"Rejected"
854,470,848,0.546236501308158,"Sat 6-9",6.99105008295737,0.8821202556137,"Accepted"
855,892,558,0.892207920318469,"Sun 6-9",6.62577465060167,0.913958926452324,"Pending"
856,644,472,0.749913406791165,"Fri 6-9",17.1488679780159,0.590564788668416,"Accepted"
857,237,10,0.728495883755386,"Wed 12-3",5.16869160439819,0.778744719806127,"Accepted"
858,278,447,0.894458274473436,"Thu 9-12",4.78581388061866,0.906542596407235,"Rejected"
859,705,979,0.653321674559265,"Sat 3-6",17.33760771784,0.918113967985846,"Rejected"
860,423,385,0.912446053698659,"Thu 3-6",14.6210072797257,0.986383263138123,"Pending"
861,456,972,0.769288194249384,"Fri 6-9",16.5619755084626,0.683856046409346,"Pending"
862,318,262,0.518432679818943,"Thu 9-12",17.097873726394,0.955661676009186,"Pending"
863,450,646,0.858507271041162,"Tue 6-9",18.8747242351528,0.964558402309194,"Accepted"
864,670,322,0.686321814660914,"Wed 9-12",6.77805394446477,0.983956429525279,"Pending"
865,820,333,0.576895614969544,"Sun 6-9",2.71923946891911,0.954380291863345,"Rejected"
866,550,34,0.780915392679162,"Thu 6-9",13.7290500311647,0.594490174436942,"Pending"
867,746,872,0.798673074925318,"Mon 6-9",17.3732731614728,0.711968390154652,"Accepted"
868,598,118,0.850054723210633,"Mon 9-12",8.02619427535683,0.612350230687298,"Accepted"
869,395,615,0.532787373522297,"Fri 12-3",16.4204865847714,0.640599889913574,"Accepted"
870,501,825,0.552782578510232,"Wed 3-6",10.3090670683887,0.673848644131795,"Accepted"
871,463,934,0.666521290317178,"Fri 3-6",9.6567267049104,0.598905528197065,"Accepted"
872,41,807,0.693999058683403,"Thu 3-6",18.4326356018428,0.847552092862315,"Pending"
873,972,885,0.519701164099388,"Sun 6-9",14.9176180339418,0.845776675036177,"Pending"
874,817,759,0.802196915610693,"Sun 9-12",8.5287723178044,0.968206105404533,"Accepted"
875,537,160,0.522599165095016,"Mon 3-6",4.53199295187369,0.592173721524887,"Rejected"
876,94,763,0.563217872520909,"Wed 9-12",6.1368082719855,0.940281348535791,"Accepted"
877,502,674,0.596373716602102,"Wed 12-3",11.4702900939155,0.90917103854008,"Rejected"
878,464,770,0.633690430317074,"Fri 9-12",1.1813080245629,0.653866365784779,"Rejected"
879,92,184,0.916196620557457,"Fri 12-3",5.64788941363804,0.987104084226303,"Pending"
880,345,944,0.534415890113451,"Sat 6-9",8.98496853420511,0.697679959586821,"Rejected"
881,958,68,0.705115014221519,"Sun 6-9",8.56138109602034,0.915548724588007,"Pending"
882,989,241,0.502965626074001,"Sat 6-9",14.2133638339583,0.540229554288089,"Pending"
883,150,111,0.739957198384218,"Sun 12-3",11.0891094214749,0.788445502519608,"Accepted"
884,253,358,0.760391883202828,"Fri 6-9",5.89429291151464,0.581297362456098,"Pending"
885,101,770,0.674009075970389,"Sun 12-3",7.98339326656424,0.972524086828344,"Accepted"
886,783,675,0.540902482694946,"Wed 12-3",16.2907758087385,0.837935032788664,"Pending"
887,280,722,0.552319130278192,"Sun 3-6",4.06101342849433,0.648253617575392,"Pending"
888,439,49,0.993784135906026,"Mon 9-12",9.81075411383063,0.615055093192495,"Accepted"
889,708,82,0.723735218052752,"Wed 9-12",11.7580023172777,0.739325974951498,"Accepted"
890,240,3,0.758248354657553,"Fri 3-6",18.6528303266969,0.728688225499354,"Rejected"
891,878,799,0.571939241141081,"Mon 6-9",14.3350664493628,0.873312531854026,"Rejected"
892,915,133,0.77583630324807,"Sun 9-12",3.59537144610658,0.854657705174759,"Accepted"
893,222,563,0.765716302208602,"Mon 3-6",17.5459114222322,0.656720566097647,"Pending"
894,860,354,0.503272835048847,"Sun 9-12",16.7786132381298,0.678966259933077,"Rejected"
895,91,923,0.737873076810502,"Fri 6-9",10.744226076873,0.785747451125644,"Rejected"
896,528,416,0.985812986618839,"Thu 12-3",16.84143264452,0.61870231362991,"Accepted"
897,364,358,0.986930883489549,"Mon 3-6",17.1733033761848,0.549945276346989,"Pending"
898,286,372,0.968860649503767,"Sun 12-3",5.74043424776755,0.976602626149543,"Accepted"
899,885,162,0.891080418135971,"Sat 3-6",2.14188858889975,0.684025088208728,"Rejected"
900,427,548,0.630800452898256,"Fri 12-3",3.50925822509453,0.766536357463337,"Pending"
901,362,22,0.77048144035507,"Sun 3-6",4.36702499864623,0.820812127552927,"Rejected"
902,142,605,0.638473162776791,"Fri 12-3",3.75093646440655,0.980523175676353,"Pending"
903,869,306,0.75040150503628,"Sat 12-3",6.49704392813146,0.653324998449534,"Pending"
904,970,508,0.999983763555065,"Wed 9-12",4.41751746064983,0.76480598479975,"Pending"
905,138,870,0.869609423680231,"Sun 3-6",8.91665655537508,0.971393616171554,"Accepted"
906,503,716,0.501641716226004,"Fri 9-12",8.28983785421588,0.882229254813865,"Rejected"
907,409,582,0.592204116750509,"Thu 6-9",4.70502230152488,0.739925512811169,"Rejected"
908,117,591,0.990996980341151,"Sun 6-9",1.46490009198897,0.519171792664565,"Accepted"
909,23,655,0.671200295211747,"Mon 3-6",17.8888335493393,0.667661007377319,"Rejected"
910,404,146,0.695707036182284,"Tue 3-6",17.1219025745522,0.66183694510255,"Rejected"
911,319,442,0.967628744314425,"Sun 9-12",7.01479265047237,0.749619242968038,"Rejected"
912,395,413,0.719505622982979,"Thu 12-3",1.84724944806658,0.960386533872224,"Accepted"
913,897,917,0.523137579904869,"Fri 3-6",14.2896709763445,0.940700324717909,"Rejected"
914,286,658,0.870271948981099,"Tue 9-12",16.5376483071595,0.933651483268477,"Pending"
915,2,203,0.971076187328435,"Wed 3-6",11.5252813876141,0.733030943432823,"Accepted"
916,660,430,0.833288265159354,"Tue 6-9",18.191781982081,0.904743055114523,"Accepted"
917,567,219,0.967838128679432,"Mon 9-12",13.0754949147813,0.652579344459809,"Accepted"
918,325,887,0.515364220831543,"Sat 9-12",2.70393392560072,0.56040255795233,"Rejected"
919,61,100,0.638535144040361,"Mon 3-6",1.34826762205921,0.98649932036642,"Pending"
920,60,390,0.72243412816897,"Thu 6-9",13.9309271036182,0.635288033634424,"Pending"
921,560,934,0.924863621825352,"Sun 12-3",7.87202191236429,0.500775402761064,"Accepted"
922,650,688,0.964492053957656,"Sun 3-6",8.61947784060612,0.616469077533111,"Accepted"
923,886,615,0.912731652497314,"Tue 3-6",12.3086801969912,0.667515109991655,"Rejected"
924,7,307,0.657821918721311,"Sat 3-6",3.07544529391453,0.622796175186522,"Pending"
925,53,665,0.721068008686416,"Sun 6-9",10.4318972439505,0.88131111219991,"Pending"
926,221,585,0.68722920131404,"Mon 9-12",5.51494699390605,0.934582742629573,"Accepted"
927,248,115,0.977102632285096,"Mon 3-6",11.1541670493316,0.619710695696995,"Accepted"
928,665,582,0.532515571918339,"Fri 12-3",10.9541395911947,0.586750497226603,"Accepted"
929,683,387,0.981723444652744,"Tue 3-6",4.05196598428302,0.967184051638469,"Accepted"
930,759,794,0.836139791412279,"Wed 6-9",7.52218967373483,0.625321273109876,"Rejected"
931,311,781,0.615733604412526,"Thu 12-3",1.85328847705387,0.653249368770048,"Rejected"
932,916,700,0.675605096621439,"Fri 9-12",17.9916453317273,0.977650794084184,"Rejected"
933,627,950,0.571841676253825,"Thu 3-6",10.5194807311054,0.816109038889408,"Pending"
934,73,644,0.544025191105902,"Tue 3-6",17.0377718892414,0.878233795054257,"Pending"
935,59,810,0.660080717876554,"Sun 3-6",6.62382294423878,0.852213300648145,"Pending"
936,193,442,0.894261357141659,"Sat 3-6",19.0712681992445,0.623182159848511,"Rejected"
937,492,145,0.634634412126616,"Sat 12-3",18.0710029904731,0.717750641983002,"Accepted"
938,168,25,0.568067705258727,"Mon 6-9",1.00983706722036,0.591546526411548,"Pending"
939,246,770,0.50014344509691,"Sun 9-12",18.8228710310068,0.756579044507816,"Pending"
940,158,290,0.648166052531451,"Sun 6-9",6.20332532771863,0.526771616772749,"Pending"
941,371,158,0.606612390838563,"Sat 9-12",1.47139137308113,0.922067673876882,"Rejected"
942,455,529,0.753563624573871,"Wed 9-12",16.8777022485156,0.663039218285121,"Accepted"
943,133,931,0.634610665030777,"Sun 12-3",7.10219250200316,0.527630926808342,"Accepted"
944,926,988,0.543098151218146,"Thu 6-9",7.93258998962119,0.659223679685965,"Pending"
945,977,384,0.943135288078338,"Mon 6-9",4.93063767254353,0.634695699554868,"Accepted"
946,211,462,0.633362371940166,"Wed 6-9",19.4743068814278,0.51995085272938,"Accepted"
947,814,102,0.593079606769606,"Mon 3-6",5.13325105258264,0.862056525191292,"Rejected"
948,624,848,0.897960859118029,"Fri 12-3",12.4141217896249,0.507705765892752,"Pending"
949,137,223,0.943687097867951,"Sat 9-12",1.40068262442946,0.612335348152556,"Accepted"
950,404,303,0.644373783608899,"Sun 12-3",3.9874980377499,0.511112868087366,"Accepted"
951,943,521,0.811007418553345,"Tue 6-9",11.5213214699179,0.68131909519434,"Pending"
952,239,829,0.94226276956033,"Fri 12-3",11.5650188608561,0.841759501141496,"Accepted"
953,724,948,0.901680345297791,"Fri 6-9",1.73844565707259,0.67902238375973,"Accepted"
954,900,438,0.959335646941327,"Mon 9-12",5.62628492643125,0.889682923210785,"Accepted"
955,113,462,0.695804222836159,"Wed 9-12",16.0152440760285,0.841939060483128,"Accepted"
956,445,361,0.560082951444201,"Thu 3-6",10.6804317219649,0.751020858762786,"Accepted"
957,156,489,0.868880308000371,"Tue 9-12",5.92631947132759,0.67884321603924,"Pending"
958,789,691,0.705943677108735,"Thu 6-9",5.6364163167309,0.532079746597447,"Pending"
959,492,440,0.589722373406403,"Mon 12-3",6.28121613105759,0.745221113087609,"Pending"
960,339,812,0.981967698782682,"Wed 12-3",10.8072835712228,0.64864905027207,"Accepted"
961,857,244,0.901395144988783,"Thu 12-3",18.4656546327751,0.502237703301944,"Accepted"
962,368,242,0.758698504418135,"Wed 3-6",15.0736161184032,0.864356306381524,"Pending"
963,801,979,0.592544147279114,"Thu 6-9",6.00561500689946,0.815660824184306,"Pending"
964,352,909,0.795120657421649,"Thu 9-12",7.28082852670923,0.903058325871825,"Accepted"
965,583,956,0.535485765780322,"Sat 3-6",2.05202211602591,0.851220551645383,"Accepted"
966,950,577,0.998060028301552,"Sat 12-3",17.2227347232401,0.666029540356249,"Accepted"
967,39,493,0.841977856820449,"Sun 12-3",9.88610176439397,0.692881827591918,"Pending"
968,359,696,0.730349052813835,"Fri 12-3",17.194695858052,0.795591852278449,"Pending"
969,289,693,0.534197207656689,"Tue 12-3",15.9936622164678,0.513095109956339,"Rejected"
970,345,427,0.582981663639657,"Mon 9-12",5.79125951533206,0.78299840958789,"Rejected"
971,951,708,0.888018406694755,"Sun 12-3",2.76222498039715,0.595147131825797,"Rejected"
972,140,738,0.953230480314232,"Sun 12-3",8.10851644771174,0.847471587592736,"Rejected"
973,287,577,0.999541810015216,"Fri 3-6",7.12664137943648,0.664900252595544,"Rejected"
974,44,85,0.866960162529722,"Sat 12-3",1.39643644378521,0.686750937136821,"Accepted"
975,740,593,0.663249068078585,"Wed 6-9",16.477298353333,0.837024476495571,"Pending"
976,119,636,0.909488564124331,"Sun 6-9",1.82787655107677,0.929198283236474,"Rejected"
977,496,562,0.830598469008692,"Tue 6-9",5.26827775943093,0.557039033155888,"Rejected"
978,147,11,0.696785668027587,"Sat 6-9",12.7904319087975,0.819681564578786,"Rejected"
979,687,184,0.759474691585638,"Tue 6-9",19.472883396782,0.79155687300954,"Pending"
980,454,711,0.586740151513368,"Sat 12-3",2.25235334644094,0.678766729659401,"Accepted"
981,58,157,0.524715053732507,"Sat 12-3",17.5979867046699,0.552460732287727,"Pending"
982,510,916,0.867473608115688,"Tue 6-9",12.9808289168868,0.78257836215198,"Accepted"
983,501,470,0.714907828252763,"Mon 9-12",12.8177334533539,0.912776113604195,"Rejected"
984,98,654,0.514182295417413,"Sun 12-3",8.55211627599783,0.997768052970059,"Pending"
985,435,292,0.883694928255863,"Tue 3-6",15.352718887385,0.900590952136554,"Rejected"
986,19,725,0.953627746901475,"Thu 3-6",4.03207651339471,0.732622116338462,"Pending"
987,431,531,0.647337867761962,"Sat 3-6",18.8257968851831,0.665760860429145,"Pending"
988,4,401,0.644243752234615,"Wed 3-6",1.45919758011587,0.516032812767662,"Pending"
989,670,935,0.535127926268615,"Sun 6-9",14.0923628746532,0.569584828801453,"Accepted"
990,174,760,0.867209175834432,"Thu 3-6",12.9160724335816,0.973135115462355,"Pending"
991,443,375,0.698218509205617,"Sat 9-12",10.7160154671874,0.913597350125201,"Rejected"
992,797,624,0.690071244025603,"Sun 6-9",11.145521846367,0.751553271780722,"Rejected"
993,932,999,0.723940835217945,"Mon 9-12",18.5883480869234,0.505516152712516,"Rejected"
994,955,721,0.859394820523448,"Sat 3-6",19.6074001919478,0.531900670262985,"Accepted"
995,722,48,0.763759844470769,"Mon 6-9",15.0931174953002,0.918158018495888,"Pending"
996,894,364,0.932501464500092,"Mon 9-12",2.45252653723583,0.923455888987519,"Rejected"
997,205,903,0.58300516998861,"Thu 3-6",7.13048179307953,0.513214620063081,"Accepted"
998,228,654,0.729474432417192,"Mon 3-6",7.77816985058598,0.947704543708824,"Accepted"
999,921,165,0.845018978579901,"Sat 12-3",16.7344475765713,0.705819031456485,"Rejected"
1000,718,692,0.89579620200675,"Sat 12-3",14.1682479262818,0.874684002599679,"Rejected"
