"notification_id","match_id","volunteer_id","notification_time","status"
1,760,31,2025-02-20 19:00:38.018104,"Read"
2,736,370,2025-02-21 22:53:58.287046,"Sent"
3,313,99,2025-02-26 23:19:42.980136,"Rejected"
4,615,262,2025-02-22 12:12:40.572678,"Sent"
5,725,887,2025-02-23 22:16:19.136918,"Sent"
6,993,989,2025-03-20 13:29:13.994648,"Read"
7,173,795,2025-02-26 01:11:28.651992,"Read"
8,556,113,2025-02-21 14:07:10.716785,"Sent"
9,64,311,2025-02-28 04:53:01.719258,"Sent"
10,907,127,2025-03-06 12:26:09.441917,"Rejected"
11,154,345,2025-03-08 04:32:00.446518,"Read"
12,58,250,2025-03-19 10:17:19.764726,"Sent"
13,181,39,2025-03-07 16:06:18.898613,"Sent"
14,840,985,2025-03-01 10:02:01.706486,"Read"
15,267,128,2025-03-08 15:04:01.812949,"Sent"
16,90,890,2025-03-02 13:26:34.490531,"Sent"
17,173,177,2025-03-04 17:03:31.18935,"Sent"
18,991,461,2025-03-08 10:48:01.869708,"Rejected"
19,842,268,2025-02-24 13:59:58.982495,"Sent"
20,715,55,2025-02-20 06:52:07.043366,"Rejected"
21,862,409,2025-03-17 07:10:30.618565,"Read"
22,241,694,2025-03-04 16:39:44.76136,"Accepted"
23,51,169,2025-03-15 03:16:24.728586,"Sent"
24,706,801,2025-03-05 19:25:06.081395,"Accepted"
25,198,189,2025-02-24 00:37:12.999935,"Accepted"
26,156,71,2025-03-16 22:06:03.649101,"Read"
27,613,583,2025-03-17 11:23:00.730113,"Rejected"
28,117,874,2025-02-27 08:50:13.24106,"Read"
29,739,47,2025-03-12 06:14:42.506168,"Accepted"
30,341,404,2025-03-07 04:55:24.888226,"Accepted"
31,744,736,2025-02-21 17:07:21.540464,"Accepted"
32,500,538,2025-03-03 14:36:41.973121,"Read"
33,515,22,2025-03-16 11:03:49.705296,"Read"
34,492,453,2025-03-13 07:20:51.572428,"Accepted"
35,855,869,2025-03-05 14:28:24.336069,"Read"
36,410,627,2025-02-24 00:53:01.416638,"Sent"
37,446,769,2025-03-05 04:55:40.745754,"Sent"
38,814,793,2025-03-10 21:34:31.743974,"Accepted"
39,854,651,2025-03-13 13:32:21.762931,"Read"
40,411,375,2025-03-19 10:38:35.696248,"Read"
41,845,671,2025-02-20 12:28:54.565021,"Rejected"
42,206,741,2025-03-11 13:40:14.692211,"Sent"
43,851,468,2025-03-05 08:49:21.471153,"Sent"
44,105,726,2025-02-23 08:49:06.595757,"Sent"
45,665,325,2025-02-26 05:37:57.558629,"Sent"
46,627,165,2025-03-07 11:39:52.862811,"Rejected"
47,742,187,2025-03-20 03:16:07.031841,"Read"
48,902,23,2025-03-21 03:53:13.73821,"Accepted"
49,281,109,2025-02-27 02:18:05.200904,"Sent"
50,413,681,2025-03-15 08:42:48.598222,"Accepted"
51,771,288,2025-03-16 04:47:27.547759,"Rejected"
52,779,467,2025-03-08 14:46:53.747312,"Sent"
53,36,482,2025-03-07 08:13:24.47014,"Accepted"
54,187,731,2025-02-23 22:50:18.19345,"Accepted"
55,355,865,2025-03-12 00:01:18.861241,"Sent"
56,358,951,2025-03-19 14:41:56.857244,"Rejected"
57,476,527,2025-02-26 07:20:34.20538,"Sent"
58,436,426,2025-02-19 20:21:29.394043,"Read"
59,142,446,2025-03-18 00:41:11.25792,"Sent"
60,584,961,2025-03-09 17:42:37.236184,"Rejected"
61,79,966,2025-03-14 23:57:47.769084,"Accepted"
62,328,240,2025-03-17 13:39:23.625982,"Rejected"
63,813,49,2025-03-04 15:21:28.766312,"Rejected"
64,543,386,2025-03-04 15:01:38.422739,"Rejected"
65,32,937,2025-02-23 22:09:21.494042,"Accepted"
66,72,802,2025-03-20 17:09:00.772247,"Rejected"
67,786,371,2025-02-20 17:50:26.279935,"Sent"
68,944,125,2025-02-21 01:35:26.135243,"Sent"
69,20,304,2025-03-20 11:20:19.995559,"Rejected"
70,575,724,2025-02-26 04:39:14.00683,"Rejected"
71,500,967,2025-03-06 23:44:32.492717,"Sent"
72,838,888,2025-02-25 21:48:54.146404,"Sent"
73,653,336,2025-03-21 02:55:39.171552,"Read"
74,145,749,2025-02-23 07:44:52.473028,"Rejected"
75,988,441,2025-02-23 00:22:34.622402,"Rejected"
76,521,613,2025-03-13 16:39:19.642339,"Accepted"
77,788,395,2025-03-01 11:31:22.409455,"Rejected"
78,200,288,2025-03-04 14:13:53.719508,"Accepted"
79,541,753,2025-03-17 01:51:11.187785,"Rejected"
80,660,696,2025-03-13 14:37:16.714647,"Rejected"
81,129,1000,2025-03-07 17:05:46.434483,"Accepted"
82,741,434,2025-02-28 17:07:37.537521,"Sent"
83,927,236,2025-03-17 23:34:17.235637,"Sent"
84,902,906,2025-03-08 22:14:16.129177,"Read"
85,571,446,2025-03-08 04:46:07.278376,"Rejected"
86,256,703,2025-03-19 13:57:31.398557,"Read"
87,435,78,2025-02-22 20:10:08.941729,"Rejected"
88,379,823,2025-02-28 16:07:43.361482,"Accepted"
89,476,465,2025-03-03 07:17:07.73597,"Accepted"
90,321,240,2025-02-28 16:33:41.367515,"Rejected"
91,107,803,2025-03-21 05:22:18.593347,"Rejected"
92,17,203,2025-03-06 18:27:58.443056,"Accepted"
93,520,137,2025-03-12 10:42:29.381603,"Accepted"
94,762,783,2025-02-20 13:55:42.150534,"Accepted"
95,321,182,2025-02-26 06:02:53.530599,"Read"
96,518,618,2025-02-26 13:15:50.357111,"Rejected"
97,191,499,2025-03-05 02:15:25.138887,"Rejected"
98,651,470,2025-02-28 09:17:38.473214,"Read"
99,345,865,2025-03-08 04:52:02.836496,"Accepted"
100,370,446,2025-03-12 05:00:52.122836,"Read"
101,402,148,2025-03-20 07:58:40.795043,"Read"
102,877,113,2025-03-03 19:19:27.398299,"Read"
103,617,512,2025-03-07 21:45:12.382771,"Accepted"
104,360,333,2025-03-04 20:14:33.614806,"Accepted"
105,81,220,2025-02-26 20:13:52.842064,"Accepted"
106,89,823,2025-03-07 13:27:27.79521,"Accepted"
107,758,849,2025-02-20 02:32:18.546748,"Rejected"
108,391,156,2025-02-20 21:13:45.196869,"Sent"
109,210,807,2025-02-22 19:31:45.450904,"Read"
110,163,353,2025-03-05 10:06:45.410358,"Sent"
111,315,543,2025-02-23 01:10:14.121075,"Sent"
112,547,849,2025-03-11 11:59:00.518157,"Accepted"
113,882,467,2025-03-03 01:52:09.940702,"Read"
114,55,614,2025-03-02 22:05:45.048183,"Rejected"
115,386,769,2025-03-16 10:31:15.421388,"Accepted"
116,156,529,2025-02-19 16:05:16.662097,"Read"
117,364,288,2025-03-07 03:37:28.234051,"Rejected"
118,907,869,2025-02-20 23:37:15.502007,"Read"
119,61,256,2025-03-05 10:00:56.598128,"Sent"
120,973,256,2025-03-17 11:55:12.997846,"Sent"
121,618,901,2025-02-24 17:09:02.380231,"Rejected"
122,721,766,2025-03-18 09:33:09.26826,"Accepted"
123,246,433,2025-03-05 13:52:17.384033,"Read"
124,348,755,2025-03-13 11:48:44.547408,"Sent"
125,653,324,2025-02-28 02:44:18.852276,"Accepted"
126,177,248,2025-02-22 20:04:24.848846,"Accepted"
127,19,871,2025-03-18 08:34:18.880649,"Sent"
128,9,917,2025-03-08 18:52:04.295765,"Read"
129,238,272,2025-03-18 14:31:31.996139,"Accepted"
130,691,99,2025-03-08 00:51:29.905728,"Rejected"
131,471,958,2025-03-18 10:06:34.221174,"Rejected"
132,311,983,2025-03-15 19:21:32.718051,"Rejected"
133,171,921,2025-03-01 09:04:25.970854,"Accepted"
134,468,396,2025-03-02 22:44:09.592714,"Accepted"
135,610,972,2025-03-13 06:41:11.601028,"Accepted"
136,865,698,2025-03-12 12:04:25.610821,"Rejected"
137,504,698,2025-03-01 00:17:15.244412,"Read"
138,393,582,2025-03-19 17:47:47.904787,"Sent"
139,969,970,2025-03-13 17:06:02.643903,"Rejected"
140,970,565,2025-02-28 01:09:30.995378,"Read"
141,763,696,2025-03-10 06:17:17.49209,"Sent"
142,579,851,2025-02-25 05:23:37.615516,"Sent"
143,77,755,2025-02-21 15:28:32.573227,"Rejected"
144,517,299,2025-03-06 09:02:56.47305,"Accepted"
145,784,131,2025-02-23 01:11:06.394177,"Sent"
146,693,849,2025-03-09 13:20:38.560429,"Rejected"
147,403,973,2025-03-12 12:51:07.06877,"Accepted"
148,65,756,2025-03-21 08:22:06.572249,"Sent"
149,903,696,2025-03-01 15:19:45.896985,"Sent"
150,205,668,2025-02-20 22:13:05.107554,"Rejected"
151,382,222,2025-02-25 18:50:28.628129,"Sent"
152,510,961,2025-03-09 22:29:23.452452,"Read"
153,388,263,2025-03-11 21:32:07.557349,"Sent"
154,723,453,2025-03-14 00:57:07.711473,"Sent"
155,712,522,2025-02-28 11:14:48.596821,"Sent"
156,363,590,2025-02-24 15:13:12.401634,"Sent"
157,77,421,2025-03-14 13:59:03.927124,"Accepted"
158,180,56,2025-03-10 04:37:58.163521,"Read"
159,650,888,2025-03-03 14:19:47.553155,"Read"
160,32,989,2025-03-15 11:27:28.701542,"Read"
161,889,945,2025-03-17 03:42:14.382784,"Sent"
162,64,318,2025-03-16 19:54:32.248332,"Read"
163,92,321,2025-03-10 20:06:10.894029,"Sent"
164,406,135,2025-03-02 18:37:13.263905,"Sent"
165,841,439,2025-02-24 10:14:51.680985,"Sent"
166,824,369,2025-03-08 11:57:27.778916,"Read"
167,578,428,2025-02-23 12:19:35.572519,"Accepted"
168,570,159,2025-02-21 09:06:59.382374,"Accepted"
169,638,733,2025-03-14 17:49:02.317579,"Read"
170,737,494,2025-02-22 00:21:21.072128,"Rejected"
171,522,240,2025-03-12 09:02:49.255922,"Accepted"
172,346,202,2025-03-06 11:53:31.474263,"Sent"
173,944,985,2025-02-28 19:02:13.413322,"Rejected"
174,78,567,2025-03-06 18:21:59.800463,"Accepted"
175,991,688,2025-02-27 12:30:06.520133,"Accepted"
176,469,850,2025-03-20 01:00:23.855732,"Accepted"
177,153,345,2025-03-08 12:27:37.557271,"Accepted"
178,475,967,2025-03-05 23:44:25.684989,"Read"
179,442,839,2025-03-14 20:52:37.326632,"Accepted"
180,656,890,2025-03-02 23:10:05.206485,"Rejected"
181,309,4,2025-03-04 10:20:39.816534,"Sent"
182,220,250,2025-03-12 18:30:05.323572,"Read"
183,60,967,2025-03-09 16:57:53.261605,"Accepted"
184,122,849,2025-03-16 23:30:51.030077,"Sent"
185,27,505,2025-02-22 18:21:41.427841,"Accepted"
186,447,536,2025-03-18 13:04:37.083568,"Sent"
187,345,972,2025-03-14 10:15:24.881623,"Accepted"
188,426,828,2025-03-11 04:20:53.472921,"Read"
189,992,428,2025-03-03 19:03:11.327552,"Rejected"
190,347,979,2025-03-06 17:09:41.489052,"Sent"
191,642,160,2025-02-20 17:14:37.461777,"Read"
192,247,237,2025-03-02 03:00:11.204946,"Sent"
193,501,990,2025-03-05 04:07:59.069061,"Sent"
194,391,990,2025-03-17 20:15:57.079906,"Rejected"
195,131,447,2025-02-23 08:07:25.174804,"Accepted"
196,903,256,2025-02-23 12:04:41.454858,"Accepted"
197,886,565,2025-03-05 18:50:17.731225,"Sent"
198,53,359,2025-03-12 01:17:39.45619,"Sent"
199,248,467,2025-03-06 04:01:55.094854,"Sent"
200,635,159,2025-03-03 13:01:16.285408,"Accepted"
201,690,472,2025-03-13 23:51:11.720257,"Rejected"
202,198,722,2025-03-08 15:35:11.026709,"Accepted"
203,907,14,2025-03-16 08:46:32.92197,"Accepted"
204,337,489,2025-02-20 00:31:40.41039,"Read"
205,628,557,2025-03-18 12:19:24.92266,"Accepted"
206,302,305,2025-03-18 23:58:39.981756,"Sent"
207,2,857,2025-02-25 23:04:32.496562,"Read"
208,921,67,2025-02-28 03:34:50.580551,"Rejected"
209,994,759,2025-03-17 00:07:03.832413,"Read"
210,414,176,2025-03-12 12:52:18.843879,"Accepted"
211,354,698,2025-03-08 10:51:26.254236,"Sent"
212,807,148,2025-02-22 08:51:08.868197,"Read"
213,262,83,2025-03-14 16:49:17.396167,"Sent"
214,255,610,2025-03-08 13:31:03.634394,"Read"
215,257,316,2025-03-20 20:56:26.171981,"Rejected"
216,621,111,2025-02-24 11:28:25.209852,"Accepted"
217,54,698,2025-02-26 14:08:58.570958,"Rejected"
218,327,179,2025-03-08 14:05:52.824631,"Sent"
219,343,176,2025-02-28 21:52:30.726038,"Rejected"
220,460,247,2025-03-01 07:57:55.903178,"Accepted"
221,152,439,2025-03-08 01:36:42.469772,"Sent"
222,467,152,2025-02-21 06:20:35.398507,"Rejected"
223,501,211,2025-03-07 18:20:05.394606,"Rejected"
224,880,91,2025-03-15 15:00:06.658293,"Read"
225,995,267,2025-02-24 01:44:25.206188,"Read"
226,637,251,2025-03-04 07:58:25.875496,"Rejected"
227,330,590,2025-03-15 04:32:22.432894,"Rejected"
228,378,429,2025-02-24 02:21:59.286901,"Rejected"
229,609,519,2025-03-01 05:09:52.924073,"Rejected"
230,116,250,2025-03-15 17:00:08.285495,"Rejected"
231,155,168,2025-02-22 08:51:42.661617,"Read"
232,734,61,2025-03-02 09:55:39.62616,"Accepted"
233,91,420,2025-03-12 21:46:15.330341,"Read"
234,905,155,2025-03-19 02:02:29.474349,"Read"
235,955,461,2025-03-01 01:49:04.557921,"Read"
236,612,564,2025-03-13 23:26:47.386619,"Sent"
237,685,304,2025-03-13 15:07:00.076127,"Accepted"
238,223,305,2025-03-02 05:08:21.274278,"Read"
239,969,230,2025-02-25 00:45:29.98183,"Read"
240,780,849,2025-03-20 08:28:17.476413,"Sent"
241,413,747,2025-03-03 10:58:32.809355,"Sent"
242,839,210,2025-03-20 06:22:19.88011,"Read"
243,408,109,2025-02-21 07:47:55.882454,"Read"
244,761,951,2025-03-10 05:44:10.155253,"Rejected"
245,31,461,2025-03-20 12:12:10.100597,"Read"
246,996,211,2025-03-14 18:55:25.193985,"Read"
247,599,696,2025-03-05 12:50:28.840479,"Rejected"
248,317,529,2025-03-09 23:12:33.849989,"Read"
249,429,108,2025-02-26 11:51:11.66951,"Read"
250,124,242,2025-02-25 09:35:00.667078,"Rejected"
251,500,341,2025-03-05 03:49:10.994915,"Read"
252,342,830,2025-02-26 12:17:07.658052,"Rejected"
253,174,545,2025-03-04 15:52:43.826148,"Accepted"
254,104,134,2025-03-05 18:04:39.397858,"Rejected"
255,901,736,2025-02-27 10:27:44.202685,"Accepted"
256,127,538,2025-02-27 03:20:45.000668,"Rejected"
257,565,357,2025-03-16 08:35:14.849004,"Accepted"
258,837,238,2025-02-28 12:18:31.2164,"Accepted"
259,129,224,2025-02-22 02:48:16.16855,"Accepted"
260,807,754,2025-03-07 22:59:56.547947,"Read"
261,733,449,2025-03-08 18:16:34.772614,"Rejected"
262,686,41,2025-03-13 14:49:16.527883,"Accepted"
263,870,108,2025-03-17 17:35:21.375382,"Sent"
264,473,134,2025-02-20 13:18:13.138593,"Read"
265,7,917,2025-03-15 04:27:42.398202,"Sent"
266,862,876,2025-03-12 02:18:37.278233,"Read"
267,216,80,2025-02-21 16:38:03.132983,"Rejected"
268,556,861,2025-02-26 15:50:37.074995,"Read"
269,748,595,2025-03-08 07:18:09.520991,"Rejected"
270,312,368,2025-03-07 14:09:17.53718,"Read"
271,879,754,2025-03-02 05:53:39.897432,"Read"
272,837,79,2025-02-23 22:09:06.92502,"Rejected"
273,659,733,2025-02-20 01:48:17.276222,"Rejected"
274,385,963,2025-03-07 07:03:07.434473,"Accepted"
275,388,118,2025-03-16 01:07:12.747379,"Accepted"
276,896,668,2025-03-19 09:20:00.468957,"Read"
277,421,803,2025-02-20 07:59:12.897812,"Read"
278,304,226,2025-03-17 21:35:43.13723,"Rejected"
279,84,461,2025-03-18 10:38:07.544037,"Rejected"
280,194,165,2025-03-15 05:45:46.863439,"Read"
281,918,633,2025-03-19 21:05:05.017407,"Rejected"
282,119,565,2025-02-20 19:29:30.604965,"Accepted"
283,489,573,2025-02-28 09:39:44.725526,"Rejected"
284,673,518,2025-03-03 23:02:55.005117,"Accepted"
285,644,67,2025-03-13 18:52:03.07591,"Sent"
286,221,327,2025-02-23 23:15:12.16181,"Rejected"
287,311,649,2025-03-18 10:31:45.40308,"Rejected"
288,17,753,2025-03-12 13:46:19.211336,"Accepted"
289,797,470,2025-03-12 16:54:34.912288,"Sent"
290,561,565,2025-03-15 20:37:03.700113,"Read"
291,450,627,2025-02-24 09:59:04.583528,"Read"
292,360,649,2025-03-12 13:59:08.039996,"Rejected"
293,655,324,2025-02-20 00:39:52.580925,"Rejected"
294,336,528,2025-02-24 14:32:24.545871,"Read"
295,475,273,2025-03-13 06:55:04.159578,"Read"
296,116,590,2025-02-27 00:20:56.496119,"Rejected"
297,924,527,2025-02-25 18:51:08.559113,"Accepted"
298,189,321,2025-03-10 22:45:28.362406,"Rejected"
299,845,322,2025-03-03 23:25:15.107685,"Rejected"
300,536,649,2025-03-21 07:18:31.372666,"Read"
301,836,996,2025-02-28 09:04:03.668943,"Accepted"
302,877,950,2025-02-27 07:40:26.032027,"Read"
303,389,847,2025-02-26 01:55:46.332809,"Read"
304,731,68,2025-02-24 18:11:56.05922,"Rejected"
305,518,828,2025-03-04 11:46:03.176795,"Rejected"
306,511,143,2025-03-04 20:31:17.329941,"Read"
307,640,479,2025-03-12 11:43:42.72921,"Rejected"
308,919,248,2025-03-03 00:24:34.401918,"Sent"
309,279,449,2025-02-27 22:45:41.374111,"Accepted"
310,393,782,2025-03-08 09:52:45.045212,"Read"
311,253,190,2025-03-17 08:47:08.699367,"Read"
312,145,360,2025-02-26 17:55:41.554507,"Sent"
313,666,221,2025-03-03 07:57:45.804219,"Accepted"
314,375,614,2025-03-02 12:09:23.851194,"Sent"
315,909,590,2025-03-07 15:56:28.618169,"Sent"
316,812,972,2025-03-20 19:38:54.789245,"Read"
317,810,549,2025-03-09 06:32:43.172364,"Read"
318,959,890,2025-03-17 03:16:37.843744,"Read"
319,426,202,2025-03-16 11:15:11.796949,"Rejected"
320,656,669,2025-03-04 07:22:12.651315,"Rejected"
321,791,453,2025-03-18 17:07:38.728073,"Sent"
322,851,481,2025-03-18 04:34:57.152875,"Accepted"
323,147,246,2025-03-21 09:40:27.121889,"Read"
324,332,649,2025-02-28 10:43:09.846709,"Read"
325,504,169,2025-03-14 03:51:02.621681,"Read"
326,797,211,2025-03-06 11:57:32.377604,"Sent"
327,968,760,2025-03-17 05:23:56.320719,"Rejected"
328,205,275,2025-02-27 09:19:45.117388,"Accepted"
329,890,127,2025-03-04 00:30:10.285109,"Sent"
330,797,590,2025-03-03 12:13:25.237613,"Sent"
331,995,969,2025-03-03 23:52:52.845223,"Read"
332,207,442,2025-02-27 02:46:57.90605,"Rejected"
333,562,131,2025-03-07 11:49:30.127031,"Accepted"
334,747,127,2025-03-10 08:26:17.622105,"Read"
335,95,167,2025-03-12 03:42:02.066416,"Read"
336,171,917,2025-02-22 23:09:46.823523,"Sent"
337,424,68,2025-03-17 16:33:51.208312,"Sent"
338,640,811,2025-03-04 05:24:58.518075,"Sent"
339,76,217,2025-03-15 10:45:47.331284,"Read"
340,949,453,2025-02-25 01:21:18.386593,"Read"
341,968,761,2025-03-09 08:49:48.253882,"Sent"
342,553,946,2025-03-09 14:21:45.638909,"Read"
343,832,670,2025-03-13 17:00:13.185328,"Read"
344,904,887,2025-02-28 15:39:31.306085,"Sent"
345,614,413,2025-03-17 04:12:18.944511,"Rejected"
346,811,62,2025-03-13 18:56:42.325451,"Sent"
347,155,774,2025-03-05 08:40:10.612343,"Read"
348,807,159,2025-03-01 13:32:41.344626,"Read"
349,267,702,2025-02-23 05:15:47.672421,"Sent"
350,571,572,2025-03-08 22:35:00.838177,"Sent"
351,690,80,2025-03-21 06:22:26.10667,"Read"
352,308,423,2025-02-19 18:01:43.992936,"Accepted"
353,863,644,2025-03-02 17:38:22.584202,"Rejected"
354,346,731,2025-03-10 09:02:18.588054,"Read"
355,331,790,2025-02-20 11:49:30.743805,"Accepted"
356,272,537,2025-02-27 08:21:44.65769,"Accepted"
357,911,933,2025-03-01 03:58:17.861069,"Read"
358,556,871,2025-02-27 04:26:52.13606,"Rejected"
359,341,554,2025-03-12 19:54:37.851279,"Sent"
360,336,946,2025-03-05 22:16:32.619444,"Sent"
361,828,708,2025-02-23 04:28:34.548379,"Sent"
362,349,906,2025-03-12 11:47:20.268767,"Read"
363,187,156,2025-03-02 01:47:13.365083,"Rejected"
364,228,335,2025-03-15 09:29:29.980734,"Rejected"
365,331,71,2025-03-18 22:01:09.312697,"Read"
366,817,811,2025-03-21 04:31:17.504941,"Sent"
367,507,512,2025-03-08 17:25:26.674591,"Read"
368,66,183,2025-03-10 10:37:14.049618,"Rejected"
369,611,489,2025-03-09 13:57:56.577258,"Rejected"
370,265,649,2025-03-06 17:10:45.885806,"Sent"
371,501,61,2025-03-18 23:33:55.444244,"Read"
372,90,124,2025-03-03 08:45:17.751936,"Rejected"
373,709,21,2025-03-16 08:15:53.818488,"Accepted"
374,744,182,2025-03-05 06:37:17.735013,"Rejected"
375,134,345,2025-02-27 22:24:53.703147,"Read"
376,81,726,2025-03-12 21:38:34.694336,"Read"
377,715,618,2025-03-02 21:04:48.965419,"Accepted"
378,288,447,2025-03-12 18:43:52.363142,"Accepted"
379,63,11,2025-02-26 20:05:20.817683,"Rejected"
380,700,53,2025-03-11 20:39:30.723536,"Sent"
381,792,735,2025-03-07 02:32:26.857506,"Sent"
382,207,851,2025-03-17 20:03:14.460024,"Rejected"
383,145,465,2025-02-25 13:10:17.909024,"Sent"
384,970,805,2025-02-26 03:16:05.240286,"Accepted"
385,887,446,2025-03-04 01:16:40.248854,"Rejected"
386,715,607,2025-03-15 19:49:07.254641,"Accepted"
387,32,623,2025-03-02 23:27:13.961919,"Sent"
388,409,714,2025-02-26 12:42:38.504909,"Accepted"
389,689,395,2025-02-27 09:40:20.612195,"Accepted"
390,998,108,2025-03-08 12:56:24.352371,"Sent"
391,652,421,2025-03-01 08:57:26.490933,"Accepted"
392,330,786,2025-03-18 09:17:59.758407,"Rejected"
393,481,41,2025-02-23 23:51:52.668282,"Accepted"
394,995,986,2025-02-20 10:41:59.693358,"Read"
395,336,945,2025-02-21 03:37:16.10706,"Sent"
396,935,228,2025-03-16 08:06:45.873361,"Accepted"
397,286,547,2025-03-11 12:42:32.75263,"Sent"
398,208,594,2025-02-20 13:47:42.29496,"Accepted"
399,238,871,2025-02-25 18:12:15.091383,"Accepted"
400,280,860,2025-02-28 03:24:54.55904,"Accepted"
401,495,14,2025-02-28 09:25:29.162272,"Read"
402,524,600,2025-03-16 02:53:05.020105,"Sent"
403,772,407,2025-03-06 04:35:30.965633,"Rejected"
404,358,210,2025-03-01 17:27:09.462044,"Rejected"
405,608,904,2025-03-09 00:17:17.201996,"Accepted"
406,819,951,2025-03-03 10:46:41.580865,"Sent"
407,355,733,2025-03-20 10:39:48.125226,"Accepted"
408,812,967,2025-02-23 18:24:28.027702,"Read"
409,965,499,2025-03-10 13:16:12.904336,"Read"
410,228,79,2025-03-16 21:17:50.364855,"Read"
411,476,277,2025-02-25 19:21:46.462843,"Sent"
412,459,407,2025-03-08 20:39:24.607845,"Accepted"
413,799,673,2025-02-22 07:44:17.678729,"Sent"
414,594,133,2025-03-21 02:34:12.750648,"Rejected"
415,549,785,2025-03-17 15:37:38.448694,"Rejected"
416,93,101,2025-03-19 14:42:00.45469,"Sent"
417,939,648,2025-03-15 10:39:39.565022,"Accepted"
418,323,239,2025-03-02 14:25:16.09907,"Read"
419,314,341,2025-03-05 22:35:41.724859,"Rejected"
420,198,174,2025-03-19 22:01:40.866218,"Accepted"
421,61,250,2025-03-20 23:09:14.913309,"Sent"
422,680,702,2025-03-06 13:25:11.553061,"Accepted"
423,304,367,2025-03-03 17:57:41.293347,"Accepted"
424,905,461,2025-02-24 07:27:55.893429,"Accepted"
425,585,446,2025-03-02 03:24:34.566954,"Sent"
426,443,183,2025-02-25 06:13:36.324658,"Sent"
427,845,760,2025-03-09 08:14:50.924884,"Read"
428,65,570,2025-03-13 06:06:47.120373,"Sent"
429,280,540,2025-02-28 16:40:00.92128,"Sent"
430,791,143,2025-03-12 02:32:33.400433,"Accepted"
431,837,849,2025-02-21 00:10:02.89206,"Sent"
432,509,420,2025-03-15 22:49:20.398163,"Accepted"
433,667,32,2025-02-22 09:01:25.452662,"Accepted"
434,497,49,2025-03-06 17:47:54.34988,"Accepted"
435,330,581,2025-02-25 18:40:12.583793,"Accepted"
436,232,932,2025-03-11 04:33:28.249153,"Accepted"
437,973,370,2025-02-23 09:24:16.967532,"Sent"
438,49,681,2025-03-12 15:24:55.685582,"Rejected"
439,493,369,2025-03-10 21:56:37.050002,"Accepted"
440,344,450,2025-03-05 22:40:54.554182,"Rejected"
441,292,226,2025-03-05 14:35:04.690566,"Rejected"
442,810,666,2025-03-10 23:17:54.267362,"Sent"
443,920,693,2025-03-05 19:55:06.657023,"Rejected"
444,303,874,2025-03-04 01:10:52.679224,"Accepted"
445,979,587,2025-03-20 16:30:03.605684,"Sent"
446,492,224,2025-03-14 08:06:48.758117,"Accepted"
447,574,415,2025-02-22 18:35:29.403434,"Accepted"
448,435,127,2025-03-12 19:27:27.99651,"Sent"
449,565,32,2025-03-18 12:10:45.582086,"Accepted"
450,128,572,2025-03-20 08:05:12.715669,"Read"
451,637,803,2025-02-26 13:36:36.419754,"Read"
452,947,139,2025-03-19 03:25:17.171605,"Sent"
453,286,96,2025-02-25 01:57:27.920389,"Accepted"
454,76,214,2025-02-20 22:17:03.912535,"Read"
455,170,527,2025-03-20 01:17:10.081415,"Accepted"
456,358,115,2025-03-13 12:14:53.104984,"Rejected"
457,348,41,2025-02-26 11:50:41.99375,"Sent"
458,941,807,2025-03-20 03:30:30.998187,"Read"
459,99,281,2025-02-28 20:54:57.323526,"Sent"
460,992,629,2025-02-26 13:44:32.328458,"Accepted"
461,58,958,2025-03-19 11:08:15.186294,"Sent"
462,950,684,2025-03-15 17:58:34.924894,"Read"
463,700,537,2025-02-22 05:19:57.387139,"Sent"
464,3,617,2025-03-14 13:41:40.051072,"Accepted"
465,571,236,2025-03-21 01:11:23.892265,"Accepted"
466,194,331,2025-03-14 16:20:18.67657,"Accepted"
467,185,420,2025-03-03 10:26:15.568807,"Read"
468,529,242,2025-03-04 17:16:14.935359,"Accepted"
469,243,886,2025-03-04 11:02:29.923016,"Rejected"
470,539,112,2025-03-08 09:32:23.295049,"Sent"
471,52,500,2025-02-21 06:17:59.54721,"Rejected"
472,868,868,2025-02-20 09:57:11.805704,"Sent"
473,329,650,2025-02-21 16:44:16.978874,"Read"
474,631,97,2025-02-23 14:25:35.48263,"Sent"
475,731,421,2025-02-19 19:51:02.524049,"Read"
476,198,818,2025-02-22 15:16:47.242995,"Read"
477,952,776,2025-03-19 06:08:31.286254,"Accepted"
478,362,323,2025-03-20 03:30:38.770625,"Read"
479,598,612,2025-02-25 05:29:20.080164,"Accepted"
480,850,887,2025-03-12 00:33:12.109765,"Accepted"
481,420,242,2025-03-19 10:55:29.542288,"Sent"
482,336,171,2025-03-21 02:01:33.754635,"Accepted"
483,772,902,2025-03-09 21:41:17.903831,"Read"
484,580,876,2025-03-04 06:56:33.085737,"Accepted"
485,998,224,2025-03-10 23:34:47.844242,"Read"
486,752,135,2025-03-20 02:45:35.077987,"Accepted"
487,892,506,2025-03-20 00:51:33.846537,"Accepted"
488,650,459,2025-03-01 05:26:10.977911,"Sent"
489,941,935,2025-02-22 06:34:23.074444,"Accepted"
490,584,90,2025-02-27 20:45:38.762002,"Read"
491,998,318,2025-02-28 18:14:12.737336,"Read"
492,284,726,2025-03-18 10:52:39.518185,"Sent"
493,226,305,2025-02-21 21:26:06.127351,"Sent"
494,631,214,2025-03-19 08:26:30.090474,"Accepted"
495,673,553,2025-02-20 09:35:06.98006,"Rejected"
496,752,786,2025-02-28 06:31:54.238076,"Read"
497,356,950,2025-03-17 20:18:53.274485,"Rejected"
498,647,146,2025-02-28 20:26:14.71911,"Rejected"
499,895,271,2025-03-09 20:59:09.399139,"Sent"
500,822,228,2025-02-25 18:08:36.962211,"Sent"
501,710,697,2025-02-23 04:32:49.887368,"Rejected"
502,609,263,2025-03-17 00:34:36.204863,"Rejected"
503,710,10,2025-03-08 08:34:04.400932,"Read"
504,484,951,2025-03-07 22:28:20.532885,"Sent"
505,553,454,2025-03-10 12:46:40.668324,"Rejected"
506,237,378,2025-03-12 19:51:05.339456,"Sent"
507,490,353,2025-03-09 10:38:56.037317,"Rejected"
508,280,671,2025-03-19 10:24:38.861318,"Sent"
509,984,250,2025-03-12 00:00:46.874691,"Read"
510,285,115,2025-03-14 08:50:31.485593,"Read"
511,723,14,2025-03-01 14:16:43.758175,"Accepted"
512,6,485,2025-03-19 14:42:44.807497,"Rejected"
513,2,979,2025-03-08 02:42:54.742131,"Sent"
514,526,224,2025-02-28 04:11:23.071978,"Sent"
515,636,893,2025-02-24 04:27:24.197201,"Read"
516,590,240,2025-03-09 18:16:24.779803,"Read"
517,556,398,2025-03-17 00:33:44.535258,"Read"
518,129,166,2025-03-21 03:44:24.782117,"Accepted"
519,152,235,2025-03-06 08:00:18.104781,"Accepted"
520,25,431,2025-02-25 20:13:49.524359,"Rejected"
521,760,237,2025-03-10 20:34:20.723126,"Read"
522,674,868,2025-03-20 12:00:27.183468,"Rejected"
523,63,85,2025-02-27 13:18:16.891902,"Rejected"
524,992,166,2025-02-19 16:38:29.709222,"Read"
525,520,582,2025-02-20 19:53:53.681519,"Rejected"
526,261,766,2025-03-12 21:21:57.600167,"Read"
527,897,368,2025-03-13 18:50:48.78965,"Rejected"
528,175,824,2025-03-02 05:54:22.204988,"Rejected"
529,975,917,2025-03-04 18:31:34.189663,"Accepted"
530,76,564,2025-03-04 12:42:52.98751,"Rejected"
531,859,343,2025-02-19 14:32:25.129251,"Accepted"
532,565,395,2025-03-19 18:06:09.049085,"Sent"
533,459,901,2025-03-17 05:22:33.884835,"Sent"
534,179,644,2025-03-17 04:41:50.193805,"Rejected"
535,805,262,2025-02-28 11:17:29.35998,"Accepted"
536,637,521,2025-02-27 15:21:36.585019,"Accepted"
537,525,617,2025-03-08 18:20:32.547426,"Read"
538,376,103,2025-02-21 10:41:17.412638,"Rejected"
539,365,651,2025-03-20 04:55:36.159391,"Read"
540,196,733,2025-03-12 01:31:14.56221,"Rejected"
541,350,484,2025-02-23 17:04:35.984895,"Rejected"
542,6,240,2025-02-24 15:41:51.740528,"Accepted"
543,512,214,2025-03-03 18:42:04.99465,"Accepted"
544,265,214,2025-03-08 16:34:45.913775,"Sent"
545,499,730,2025-03-01 23:30:04.73983,"Rejected"
546,102,12,2025-03-05 06:19:08.949127,"Read"
547,850,567,2025-03-21 05:35:50.463415,"Rejected"
548,107,224,2025-02-27 16:06:06.310429,"Read"
549,438,454,2025-03-04 19:41:29.038364,"Rejected"
550,270,34,2025-02-20 02:02:41.425428,"Sent"
551,38,669,2025-03-07 01:33:24.224337,"Rejected"
552,150,539,2025-03-13 20:09:36.937209,"Rejected"
553,82,950,2025-02-22 20:54:27.44813,"Accepted"
554,871,368,2025-03-20 14:32:31.012677,"Sent"
555,915,775,2025-02-24 23:54:00.065579,"Accepted"
556,474,761,2025-03-09 21:36:59.767633,"Accepted"
557,143,245,2025-02-21 08:58:16.516773,"Sent"
558,676,225,2025-03-16 14:08:01.49689,"Accepted"
559,819,405,2025-03-17 07:48:53.095515,"Sent"
560,448,970,2025-02-23 06:18:58.558316,"Rejected"
561,500,613,2025-03-05 03:19:49.76186,"Rejected"
562,124,647,2025-03-15 23:56:06.623868,"Rejected"
563,713,478,2025-02-20 01:40:53.961186,"Read"
564,951,641,2025-03-08 00:12:33.349905,"Rejected"
565,535,673,2025-02-26 20:52:08.223095,"Rejected"
566,839,317,2025-03-05 20:03:28.435231,"Sent"
567,314,79,2025-03-14 21:47:06.934124,"Read"
568,634,703,2025-02-19 20:34:29.339722,"Sent"
569,801,251,2025-03-05 04:11:47.068428,"Accepted"
570,222,420,2025-02-25 21:38:52.36029,"Rejected"
571,167,564,2025-03-12 14:37:13.115109,"Sent"
572,661,10,2025-03-02 19:44:49.784449,"Rejected"
573,346,821,2025-03-13 15:31:07.59151,"Rejected"
574,199,811,2025-03-11 11:40:26.343754,"Rejected"
575,85,918,2025-03-17 00:10:43.472139,"Rejected"
576,783,445,2025-03-02 03:23:42.947439,"Accepted"
577,813,88,2025-02-21 01:13:15.719406,"Accepted"
578,244,479,2025-02-28 23:27:17.710882,"Rejected"
579,57,41,2025-03-16 07:59:11.381559,"Accepted"
580,786,759,2025-03-04 06:59:17.332885,"Accepted"
581,144,224,2025-03-16 01:46:56.991538,"Read"
582,352,50,2025-03-13 13:29:42.339535,"Sent"
583,921,714,2025-02-20 07:58:02.844481,"Read"
584,105,79,2025-03-17 04:29:51.493418,"Accepted"
585,681,965,2025-02-24 02:48:43.993948,"Sent"
586,53,179,2025-02-22 21:05:37.349143,"Sent"
587,354,734,2025-03-03 09:45:24.558565,"Accepted"
588,372,872,2025-03-08 07:24:49.472955,"Rejected"
589,267,455,2025-03-08 23:50:15.468487,"Rejected"
590,335,502,2025-03-07 03:17:36.442085,"Sent"
591,366,553,2025-03-13 10:33:33.470489,"Accepted"
592,93,625,2025-03-20 17:58:39.208717,"Accepted"
593,827,29,2025-03-19 02:29:42.731634,"Read"
594,789,979,2025-03-04 06:06:13.497408,"Sent"
595,160,953,2025-03-10 09:06:12.062346,"Sent"
596,312,251,2025-03-08 16:04:46.808265,"Rejected"
597,11,985,2025-03-08 21:06:22.997377,"Sent"
598,915,111,2025-03-20 02:00:49.469138,"Read"
599,123,79,2025-03-15 16:49:40.028794,"Accepted"
600,706,317,2025-03-07 12:18:38.342654,"Sent"
601,435,990,2025-03-01 22:01:21.585238,"Sent"
602,791,888,2025-03-14 05:43:09.903237,"Read"
603,86,519,2025-03-15 08:09:17.886739,"Sent"
604,646,878,2025-02-22 08:39:53.686585,"Rejected"
605,51,627,2025-02-24 02:51:58.48897,"Accepted"
606,609,983,2025-03-09 04:36:19.232575,"Accepted"
607,249,565,2025-03-14 08:36:00.391947,"Read"
608,333,954,2025-03-14 02:43:37.446881,"Sent"
609,307,333,2025-02-22 22:19:47.679259,"Rejected"
610,253,453,2025-03-15 02:02:15.295267,"Sent"
611,211,798,2025-02-22 07:41:44.072441,"Accepted"
612,410,500,2025-03-13 06:48:12.318119,"Sent"
613,354,802,2025-03-06 04:49:08.984129,"Read"
614,243,828,2025-03-14 22:25:06.734674,"Sent"
615,555,297,2025-02-28 20:29:54.04381,"Read"
616,684,211,2025-03-10 17:11:18.942489,"Accepted"
617,644,74,2025-03-15 05:03:41.670739,"Read"
618,335,509,2025-03-16 17:06:02.839074,"Rejected"
619,874,900,2025-03-06 01:30:29.419935,"Read"
620,187,246,2025-02-28 15:05:34.75829,"Accepted"
621,63,277,2025-03-07 21:07:31.558582,"Read"
622,381,506,2025-02-26 18:04:34.481611,"Sent"
623,975,151,2025-02-21 20:34:56.504894,"Sent"
624,89,473,2025-02-21 10:05:29.892602,"Rejected"
625,851,525,2025-03-16 15:53:30.157795,"Sent"
626,690,248,2025-03-19 17:09:20.943854,"Accepted"
627,367,534,2025-03-09 04:54:51.291721,"Rejected"
628,504,88,2025-02-25 06:40:39.840898,"Accepted"
629,311,109,2025-02-19 23:40:19.039656,"Sent"
630,182,723,2025-03-05 20:27:01.927866,"Accepted"
631,753,967,2025-02-28 10:55:54.8667,"Accepted"
632,785,983,2025-03-09 14:50:53.209394,"Sent"
633,186,588,2025-03-06 06:52:59.324032,"Rejected"
634,835,392,2025-02-27 09:38:16.198265,"Sent"
635,901,399,2025-03-05 12:57:00.981985,"Accepted"
636,810,972,2025-02-19 15:21:04.107383,"Sent"
637,189,657,2025-02-23 00:25:19.209923,"Sent"
638,537,14,2025-02-19 22:50:41.026841,"Accepted"
639,277,915,2025-03-17 11:12:25.393185,"Read"
640,272,370,2025-03-05 13:23:50.046885,"Sent"
641,820,869,2025-03-06 23:59:45.111786,"Read"
642,264,363,2025-03-12 19:33:06.440661,"Rejected"
643,126,351,2025-03-21 12:11:12.498898,"Rejected"
644,221,126,2025-03-20 23:25:01.554523,"Sent"
645,364,986,2025-03-18 19:43:23.71782,"Rejected"
646,369,155,2025-03-18 04:31:20.458215,"Read"
647,704,127,2025-02-21 02:16:52.825437,"Sent"
648,620,723,2025-02-23 07:15:43.888065,"Sent"
649,587,499,2025-03-20 22:11:55.047235,"Read"
650,120,704,2025-03-09 17:03:55.944007,"Sent"
651,778,14,2025-03-01 10:42:19.247386,"Sent"
652,594,59,2025-03-12 09:21:55.299193,"Rejected"
653,731,288,2025-02-20 10:11:26.042471,"Sent"
654,290,262,2025-03-04 03:04:57.852717,"Accepted"
655,489,159,2025-03-11 14:12:05.112748,"Rejected"
656,958,207,2025-02-27 18:07:49.985358,"Rejected"
657,844,348,2025-03-09 03:10:35.728186,"Rejected"
658,15,926,2025-03-10 03:03:43.337222,"Sent"
659,825,329,2025-02-21 18:46:56.468225,"Rejected"
660,117,499,2025-03-03 16:02:03.823432,"Accepted"
661,780,340,2025-03-06 03:31:42.169865,"Read"
662,433,217,2025-02-26 05:35:17.669333,"Rejected"
663,697,315,2025-02-20 17:48:21.617364,"Read"
664,405,120,2025-03-03 09:29:09.569285,"Sent"
665,764,871,2025-03-04 17:24:13.666618,"Rejected"
666,237,113,2025-03-18 17:42:30.419202,"Sent"
667,246,798,2025-03-04 01:49:54.979132,"Rejected"
668,729,557,2025-02-25 20:14:45.892188,"Read"
669,349,720,2025-03-17 03:36:02.372128,"Sent"
670,580,694,2025-02-20 13:16:23.983482,"Accepted"
671,724,63,2025-02-24 02:40:08.045026,"Sent"
672,82,865,2025-03-04 07:42:56.327128,"Read"
673,448,243,2025-02-20 21:50:57.60359,"Read"
674,152,793,2025-03-20 21:31:33.217282,"Read"
675,431,674,2025-03-09 14:28:08.98867,"Sent"
676,156,723,2025-03-14 00:14:55.259911,"Rejected"
677,71,137,2025-03-20 13:21:27.960966,"Accepted"
678,102,467,2025-03-16 19:17:33.249505,"Sent"
679,366,211,2025-03-16 10:36:12.230279,"Read"
680,145,633,2025-02-23 17:07:33.23499,"Sent"
681,328,775,2025-03-07 02:34:57.111971,"Rejected"
682,986,786,2025-02-22 22:11:42.167107,"Sent"
683,893,46,2025-02-20 09:01:05.244001,"Rejected"
684,349,357,2025-03-17 19:37:59.528591,"Rejected"
685,303,148,2025-03-04 08:41:56.243957,"Accepted"
686,618,527,2025-03-19 11:31:58.890702,"Rejected"
687,575,404,2025-03-21 15:16:18.282353,"Rejected"
688,570,72,2025-02-26 09:09:34.350956,"Read"
689,104,950,2025-02-25 15:56:24.65943,"Accepted"
690,956,777,2025-03-17 03:36:02.432478,"Rejected"
691,837,329,2025-03-12 06:58:38.436348,"Sent"
692,408,193,2025-02-19 15:09:48.940255,"Accepted"
693,843,544,2025-02-21 06:03:26.739633,"Sent"
694,202,972,2025-03-04 05:03:07.635022,"Accepted"
695,714,250,2025-02-23 22:37:57.256009,"Rejected"
696,624,94,2025-03-14 11:23:25.096668,"Sent"
697,76,454,2025-03-03 01:55:30.113424,"Accepted"
698,674,849,2025-03-19 21:48:45.886112,"Read"
699,249,762,2025-03-02 20:43:36.253553,"Read"
700,82,538,2025-03-18 00:47:54.145898,"Read"
701,890,151,2025-03-12 03:26:12.82594,"Rejected"
702,346,861,2025-02-23 00:16:00.365639,"Read"
703,990,775,2025-03-01 21:24:07.667361,"Accepted"
704,582,776,2025-02-24 16:32:30.246678,"Sent"
705,574,396,2025-03-21 07:43:31.268574,"Sent"
706,56,143,2025-03-12 13:41:17.833972,"Sent"
707,351,871,2025-02-22 13:15:21.409249,"Sent"
708,126,317,2025-02-24 20:01:32.445395,"Read"
709,325,969,2025-03-11 04:16:42.543684,"Read"
710,674,22,2025-03-21 14:06:03.340218,"Rejected"
711,564,243,2025-03-12 05:02:40.97137,"Read"
712,68,230,2025-02-24 00:48:44.051709,"Sent"
713,999,650,2025-03-14 14:59:59.967643,"Sent"
714,600,496,2025-03-12 17:39:44.898796,"Accepted"
715,542,398,2025-03-08 12:10:36.926718,"Rejected"
716,286,201,2025-02-27 08:35:21.078729,"Accepted"
717,807,180,2025-03-11 11:30:53.14469,"Read"
718,944,439,2025-03-01 04:14:21.03086,"Accepted"
719,470,799,2025-02-26 14:16:58.095816,"Accepted"
720,238,500,2025-03-18 23:33:52.484695,"Rejected"
721,662,113,2025-03-11 06:01:42.064736,"Accepted"
722,896,79,2025-03-16 00:39:34.979666,"Read"
723,674,665,2025-03-06 05:25:43.689787,"Accepted"
724,711,409,2025-02-23 17:07:52.631384,"Read"
725,284,736,2025-03-03 21:32:28.20655,"Sent"
726,117,567,2025-02-28 13:49:53.868618,"Accepted"
727,781,325,2025-03-11 07:36:45.587813,"Accepted"
728,452,169,2025-03-08 20:22:07.259217,"Sent"
729,53,398,2025-03-04 07:39:15.246855,"Read"
730,847,332,2025-02-22 13:28:09.777441,"Sent"
731,352,402,2025-03-16 08:03:04.858265,"Read"
732,577,853,2025-03-15 09:28:23.417426,"Read"
733,320,966,2025-02-20 11:48:12.15099,"Read"
734,436,955,2025-02-20 06:08:48.717689,"Rejected"
735,822,225,2025-03-05 14:51:58.373662,"Sent"
736,946,530,2025-03-08 17:52:17.364707,"Read"
737,986,594,2025-03-05 02:06:43.978166,"Rejected"
738,134,522,2025-03-14 16:32:13.381806,"Sent"
739,664,769,2025-03-06 00:06:56.343324,"Accepted"
740,92,91,2025-02-26 03:39:19.908038,"Read"
741,413,839,2025-03-12 20:06:03.473993,"Accepted"
742,656,901,2025-02-23 20:49:30.138015,"Read"
743,436,297,2025-02-28 18:26:02.821595,"Read"
744,458,193,2025-03-02 06:38:20.706066,"Accepted"
745,549,240,2025-03-21 05:19:29.316051,"Accepted"
746,322,60,2025-03-08 19:35:51.953812,"Read"
747,124,420,2025-03-14 08:15:55.820328,"Accepted"
748,831,79,2025-03-18 20:09:42.758742,"Read"
749,700,14,2025-02-22 11:57:56.757918,"Sent"
750,311,518,2025-02-23 10:16:03.33632,"Read"
751,141,685,2025-02-21 07:38:36.980235,"Read"
752,884,358,2025-02-28 02:48:56.852579,"Rejected"
753,521,688,2025-03-03 02:29:44.295402,"Sent"
754,527,528,2025-03-05 12:15:45.244659,"Sent"
755,116,199,2025-03-11 22:43:33.092342,"Sent"
756,372,702,2025-03-02 11:41:59.211955,"Rejected"
757,568,41,2025-02-22 00:01:47.882353,"Read"
758,181,113,2025-02-21 15:41:20.651137,"Sent"
759,182,264,2025-02-23 11:28:40.277685,"Sent"
760,9,405,2025-03-14 10:56:09.330646,"Rejected"
761,360,190,2025-02-24 17:05:18.889591,"Rejected"
762,580,182,2025-03-17 05:53:48.2766,"Read"
763,48,228,2025-03-13 00:49:48.079297,"Sent"
764,88,405,2025-02-28 23:26:26.154131,"Sent"
765,452,499,2025-03-05 07:28:52.188356,"Accepted"
766,496,70,2025-03-09 01:07:38.054048,"Rejected"
767,654,368,2025-02-26 08:11:29.048798,"Read"
768,438,954,2025-02-25 19:21:56.454944,"Sent"
769,904,603,2025-03-03 11:21:44.443328,"Read"
770,733,807,2025-03-19 12:51:04.701412,"Sent"
771,564,921,2025-03-01 22:27:13.186358,"Read"
772,204,649,2025-03-17 20:29:37.923372,"Accepted"
773,909,275,2025-03-08 01:06:49.711843,"Rejected"
774,662,821,2025-03-21 15:09:23.797576,"Rejected"
775,520,395,2025-03-15 13:04:08.292897,"Read"
776,131,627,2025-03-06 22:48:39.331062,"Sent"
777,211,576,2025-03-15 14:52:36.618489,"Read"
778,551,410,2025-03-07 04:42:10.006599,"Accepted"
779,26,304,2025-02-28 23:33:32.748679,"Accepted"
780,245,926,2025-03-19 13:18:33.972491,"Accepted"
781,957,317,2025-03-15 07:37:57.971166,"Rejected"
782,138,700,2025-03-10 12:00:42.822691,"Rejected"
783,211,293,2025-02-28 19:57:20.526947,"Sent"
784,593,113,2025-03-07 20:30:20.234535,"Rejected"
785,81,163,2025-02-28 22:32:06.295531,"Accepted"
786,878,85,2025-02-28 05:58:55.029137,"Accepted"
787,523,78,2025-03-02 23:17:26.50222,"Accepted"
788,805,818,2025-03-11 21:23:58.013836,"Accepted"
789,196,500,2025-02-24 22:52:59.877828,"Accepted"
790,914,416,2025-03-16 12:07:47.3085,"Accepted"
791,960,647,2025-03-09 17:55:50.350168,"Rejected"
792,806,449,2025-03-03 06:44:41.058539,"Accepted"
793,14,595,2025-03-13 22:36:52.541064,"Rejected"
794,242,343,2025-03-12 18:29:37.331569,"Read"
795,241,260,2025-03-04 10:49:55.208341,"Sent"
796,493,774,2025-03-20 08:37:45.178223,"Rejected"
797,494,725,2025-03-08 00:17:49.513549,"Accepted"
798,667,601,2025-03-12 13:06:06.24615,"Read"
799,398,805,2025-03-15 07:51:34.821895,"Rejected"
800,414,48,2025-02-27 17:07:49.343452,"Accepted"
801,957,869,2025-03-13 22:40:44.859056,"Read"
802,962,203,2025-02-23 06:49:50.547667,"Sent"
803,13,499,2025-03-16 13:52:35.313621,"Rejected"
804,921,787,2025-02-22 23:46:03.888962,"Rejected"
805,250,88,2025-02-27 00:10:43.646094,"Rejected"
806,997,500,2025-02-24 13:24:20.390594,"Read"
807,597,989,2025-03-14 13:55:24.020049,"Accepted"
808,89,369,2025-03-20 14:44:56.583165,"Accepted"
809,340,802,2025-03-10 06:22:44.759476,"Read"
810,556,633,2025-03-16 22:40:30.622199,"Sent"
811,235,402,2025-03-16 22:55:17.6023,"Read"
812,378,453,2025-03-09 03:56:58.174168,"Read"
813,644,315,2025-03-17 13:07:42.520422,"Accepted"
814,600,673,2025-03-03 20:08:50.399729,"Sent"
815,711,583,2025-03-06 10:06:14.301575,"Read"
816,732,972,2025-03-15 06:50:55.49583,"Sent"
817,883,203,2025-02-24 10:28:55.063255,"Sent"
818,704,937,2025-02-25 02:31:02.540723,"Read"
819,704,53,2025-03-04 18:38:53.112448,"Accepted"
820,695,716,2025-02-27 01:58:20.394416,"Accepted"
821,417,849,2025-03-05 14:25:45.899391,"Read"
822,678,756,2025-03-21 10:10:09.63968,"Accepted"
823,121,965,2025-02-25 23:40:15.13853,"Sent"
824,292,823,2025-03-17 00:02:03.39047,"Accepted"
825,142,59,2025-02-23 08:53:33.663107,"Read"
826,316,712,2025-03-19 19:57:39.007971,"Sent"
827,857,274,2025-02-25 09:49:44.950755,"Rejected"
828,493,734,2025-03-13 00:21:19.829058,"Accepted"
829,261,704,2025-03-03 05:47:52.475941,"Accepted"
830,780,10,2025-03-18 22:38:32.294496,"Read"
831,372,799,2025-03-02 21:34:05.660175,"Rejected"
832,802,634,2025-03-12 06:37:55.23428,"Rejected"
833,487,562,2025-03-19 07:22:52.71287,"Rejected"
834,572,617,2025-03-20 18:27:55.539565,"Rejected"
835,111,277,2025-03-04 07:05:53.860607,"Rejected"
836,963,109,2025-02-26 20:54:52.348337,"Accepted"
837,303,861,2025-02-28 15:55:46.031034,"Rejected"
838,301,684,2025-03-11 03:11:07.352597,"Rejected"
839,649,325,2025-03-04 14:56:23.950696,"Accepted"
840,966,379,2025-02-25 01:39:41.291896,"Sent"
841,92,544,2025-03-03 05:16:24.963548,"Read"
842,437,124,2025-02-24 05:06:16.99686,"Sent"
843,40,439,2025-03-18 09:25:27.282835,"Read"
844,956,614,2025-02-27 22:03:22.293737,"Read"
845,199,889,2025-02-25 11:22:31.157136,"Sent"
846,6,207,2025-03-20 07:12:22.355677,"Read"
847,215,500,2025-03-07 12:33:21.055428,"Accepted"
848,326,665,2025-03-12 22:35:13.191895,"Read"
849,798,562,2025-02-23 08:17:52.396508,"Read"
850,559,634,2025-02-23 02:27:34.464644,"Sent"
851,13,669,2025-02-24 20:08:46.105687,"Accepted"
852,856,250,2025-03-06 00:59:15.485017,"Accepted"
853,606,29,2025-03-15 22:58:29.665551,"Rejected"
854,52,543,2025-03-02 09:44:57.13055,"Sent"
855,256,202,2025-02-27 23:51:15.749874,"Rejected"
856,619,857,2025-03-11 12:33:31.744098,"Rejected"
857,449,449,2025-03-17 02:09:32.767809,"Read"
858,224,305,2025-03-11 12:22:27.819516,"Accepted"
859,990,540,2025-03-09 19:44:03.247358,"Accepted"
860,914,272,2025-03-10 00:35:28.052339,"Sent"
861,354,70,2025-03-05 04:21:04.307409,"Accepted"
862,327,695,2025-03-13 13:18:40.231479,"Read"
863,600,607,2025-03-17 20:55:13.130495,"Accepted"
864,283,169,2025-03-12 17:06:31.400858,"Sent"
865,489,847,2025-02-28 08:42:32.144265,"Rejected"
866,719,874,2025-03-01 16:50:45.146191,"Rejected"
867,663,5,2025-03-17 20:21:44.022503,"Accepted"
868,584,213,2025-03-19 11:42:10.907298,"Read"
869,268,219,2025-02-27 04:00:27.29372,"Sent"
870,873,793,2025-02-20 14:54:42.585767,"Sent"
871,92,774,2025-03-06 02:03:24.23119,"Accepted"
872,839,342,2025-02-26 02:28:12.219056,"Rejected"
873,438,969,2025-03-04 17:14:15.171977,"Rejected"
874,816,818,2025-03-05 10:02:33.908403,"Sent"
875,165,419,2025-02-28 22:26:17.56598,"Read"
876,852,600,2025-02-21 13:35:19.880439,"Read"
877,888,734,2025-03-19 20:37:07.815279,"Rejected"
878,131,324,2025-03-14 00:36:56.578634,"Accepted"
879,871,874,2025-02-21 04:23:47.221673,"Read"
880,975,398,2025-02-19 16:05:01.652522,"Accepted"
881,153,587,2025-03-05 12:47:37.682083,"Rejected"
882,19,476,2025-02-22 09:36:53.480347,"Sent"
883,100,759,2025-03-16 00:48:04.264773,"Sent"
884,710,893,2025-03-10 12:31:40.777007,"Sent"
885,171,420,2025-02-28 00:02:28.761311,"Accepted"
886,272,668,2025-03-07 20:15:20.565909,"Read"
887,57,124,2025-03-13 05:29:19.389053,"Accepted"
888,2,228,2025-02-26 11:55:29.240231,"Accepted"
889,874,298,2025-03-11 06:26:39.744603,"Accepted"
890,183,543,2025-02-28 12:12:45.83143,"Rejected"
891,160,90,2025-03-11 17:26:04.849251,"Sent"
892,731,521,2025-03-09 11:35:48.830513,"Read"
893,445,360,2025-02-27 03:46:42.675984,"Read"
894,118,214,2025-03-15 03:58:33.261643,"Read"
895,174,478,2025-02-28 05:58:20.197702,"Rejected"
896,967,343,2025-02-26 06:21:09.607937,"Sent"
897,497,529,2025-03-03 22:05:37.983928,"Rejected"
898,14,518,2025-03-14 06:25:14.018695,"Sent"
899,245,412,2025-03-11 13:05:04.174992,"Sent"
900,790,375,2025-03-05 15:18:54.623194,"Rejected"
901,286,733,2025-02-25 00:42:04.612999,"Accepted"
902,842,788,2025-03-14 10:05:28.390592,"Sent"
903,726,215,2025-03-07 15:24:40.2284,"Rejected"
904,343,540,2025-02-22 21:50:01.114417,"Read"
905,13,674,2025-03-03 03:26:55.836838,"Rejected"
906,607,696,2025-03-17 03:28:37.100554,"Rejected"
907,142,900,2025-03-18 13:20:12.350674,"Accepted"
908,772,887,2025-03-13 04:45:16.467359,"Rejected"
909,452,226,2025-03-02 05:58:03.338369,"Sent"
910,49,217,2025-02-27 23:26:05.658487,"Accepted"
911,392,256,2025-03-13 19:49:08.149064,"Rejected"
912,651,807,2025-02-21 08:19:40.375443,"Read"
913,176,217,2025-03-04 22:30:00.037837,"Sent"
914,269,963,2025-03-01 08:20:19.340068,"Accepted"
915,561,472,2025-02-23 16:18:33.628122,"Accepted"
916,338,246,2025-03-11 19:44:56.766641,"Accepted"
917,39,489,2025-03-13 02:50:15.007509,"Sent"
918,901,963,2025-02-24 08:27:36.284992,"Rejected"
919,57,71,2025-03-01 17:41:07.866066,"Read"
920,936,595,2025-02-23 10:21:40.24095,"Rejected"
921,211,281,2025-03-17 05:01:39.867497,"Read"
922,99,935,2025-02-24 13:26:59.972106,"Read"
923,426,567,2025-03-17 14:09:36.171975,"Rejected"
924,315,759,2025-02-24 09:13:58.855898,"Rejected"
925,222,220,2025-03-03 17:24:43.64143,"Sent"
926,458,723,2025-03-08 17:54:01.2531,"Read"
927,17,59,2025-02-22 05:33:15.98148,"Read"
928,397,263,2025-02-21 20:53:54.287497,"Rejected"
929,685,167,2025-03-19 14:11:53.510356,"Accepted"
930,299,10,2025-03-20 16:00:57.537303,"Rejected"
931,650,846,2025-03-13 19:32:21.864842,"Accepted"
932,960,47,2025-02-21 22:03:48.298545,"Rejected"
933,772,125,2025-02-24 13:02:59.98897,"Rejected"
934,287,196,2025-02-24 21:44:38.046727,"Rejected"
935,574,360,2025-03-12 15:46:32.264548,"Rejected"
936,395,708,2025-02-26 07:54:40.454993,"Rejected"
937,438,22,2025-02-28 12:20:24.751089,"Rejected"
938,242,937,2025-03-21 05:48:53.776608,"Read"
939,931,798,2025-03-21 10:16:59.103361,"Accepted"
940,514,486,2025-02-27 20:15:03.878773,"Read"
941,819,346,2025-02-28 15:28:19.542077,"Sent"
942,699,225,2025-03-18 22:05:43.944883,"Rejected"
943,840,860,2025-03-03 10:31:04.783291,"Read"
944,784,305,2025-03-14 18:16:55.389374,"Accepted"
945,230,871,2025-03-16 13:30:40.560946,"Rejected"
946,391,740,2025-03-10 11:05:04.435247,"Read"
947,66,946,2025-03-08 19:00:53.404542,"Read"
948,322,157,2025-03-17 11:35:54.435029,"Sent"
949,609,799,2025-03-02 05:09:56.369719,"Accepted"
950,15,777,2025-02-23 22:09:20.253252,"Read"
951,961,871,2025-03-01 01:50:29.489869,"Read"
952,457,58,2025-03-02 06:14:58.175351,"Accepted"
953,928,213,2025-02-23 02:16:36.496577,"Sent"
954,40,559,2025-03-17 04:50:39.149294,"Accepted"
955,24,802,2025-02-27 21:03:36.473114,"Read"
956,43,663,2025-03-11 17:12:20.095728,"Rejected"
957,549,803,2025-02-23 11:11:09.810842,"Accepted"
958,862,681,2025-03-20 03:27:56.508982,"Sent"
959,583,992,2025-02-20 02:51:10.121178,"Read"
960,610,634,2025-02-26 12:26:34.552382,"Sent"
961,122,748,2025-03-19 23:13:24.433098,"Rejected"
962,77,871,2025-02-20 23:48:43.667255,"Accepted"
963,233,972,2025-03-11 15:33:19.112865,"Read"
964,751,505,2025-03-19 11:18:13.204777,"Rejected"
965,691,473,2025-03-15 14:34:05.653483,"Sent"
966,478,409,2025-03-07 10:09:38.576548,"Accepted"
967,805,240,2025-03-16 13:30:27.638867,"Read"
968,533,386,2025-02-24 15:19:45.707889,"Read"
969,129,22,2025-02-24 05:56:32.666682,"Rejected"
970,522,260,2025-03-02 10:07:54.539494,"Rejected"
971,498,636,2025-03-06 22:01:22.404385,"Sent"
972,354,522,2025-03-13 02:57:56.42625,"Accepted"
973,63,46,2025-03-09 20:59:01.165629,"Sent"
974,566,14,2025-02-24 10:58:55.954512,"Rejected"
975,244,693,2025-03-17 13:39:51.867833,"Read"
976,629,839,2025-03-20 21:17:04.422356,"Read"
977,516,196,2025-03-01 21:48:48.693124,"Rejected"
978,304,432,2025-02-26 22:26:47.019089,"Accepted"
979,724,246,2025-03-15 14:49:17.677504,"Accepted"
980,634,111,2025-03-09 16:25:38.536432,"Sent"
981,935,410,2025-03-02 10:13:56.790396,"Sent"
982,359,50,2025-03-04 12:54:24.564326,"Read"
983,485,627,2025-02-20 11:56:42.68594,"Accepted"
984,739,113,2025-03-12 04:13:44.436302,"Rejected"
985,435,552,2025-02-28 22:50:52.831363,"Accepted"
986,107,248,2025-03-16 08:14:22.431536,"Rejected"
987,642,243,2025-03-02 01:15:19.467196,"Sent"
988,54,786,2025-02-26 23:50:24.194652,"Accepted"
989,61,889,2025-03-18 06:15:14.435264,"Accepted"
990,852,696,2025-03-07 06:08:17.76493,"Rejected"
991,550,159,2025-03-16 15:28:50.764492,"Read"
992,492,214,2025-02-23 18:39:27.507434,"Sent"
993,140,219,2025-03-02 23:35:14.676873,"Sent"
994,344,906,2025-03-05 15:52:54.391248,"Accepted"
995,754,405,2025-03-08 14:27:38.090937,"Rejected"
996,932,262,2025-03-15 06:03:18.373729,"Read"
997,567,857,2025-02-20 15:03:33.339074,"Read"
998,500,409,2025-02-22 04:27:40.455451,"Accepted"
999,390,449,2025-03-14 10:11:07.335042,"Accepted"
1000,888,837,2025-03-15 19:38:33.484995,"Read"
