volunteer_id,request_id,elderly_id,match_prob,distance_km,skill_match,response_rate,urgency
V048,CR001,E001,0.6690241039469655,4.4426400980269944,0.6666666666666666,0.76,Low
V040,CR001,E001,0.2670454835940521,5.61284166802418,1,0.31,Low
V048,CR002,E001,1.0035361559204483,4.4426400980269944,0.6666666666666666,0.76,High
V040,CR002,E001,0.40056822539107817,5.61284166802418,1,0.31,High
V048,CR003,E001,0.6668299104618723,4.4426400980269944,0.75,0.76,Low
V040,CR003,E001,0.2777689931809004,5.61284166802418,0.75,0.31,Low
V043,CR004,E002,0.7386544971232609,19.135681168608063,0.6666666666666666,0.93,Low
V043,CR005,E002,0.7408710715614863,19.135681168608063,0.5,0.93,Low
V020,CR005,E002,0.494244942443833,14.517785239721634,0.5,0.52,Low
V020,CR006,E002,0.7300392163371445,14.517785239721634,0.6666666666666666,0.52,High
V038,CR007,E002,0.9491602491888931,19.043156309711915,0.5,1.01,Medium
V043,CR007,E002,0.9260888394518578,19.135681168608063,0.5,0.93,Medium
V020,CR007,E002,0.6178061780547912,14.517785239721634,0.5,0.52,Medium
V038,CR008,E002,0.7593281993511145,19.043156309711915,0.5,1.01,Low
V043,CR008,E002,0.7408710715614863,19.135681168608063,0.5,0.93,Low
V020,CR008,E002,0.494244942443833,14.517785239721634,0.5,0.52,Low
V027,CR009,E003,0.9229339988790091,8.046977056057933,1,0.69,High
V014,CR009,E003,0.8594276050086409,10.324006405445724,0.5,0.61,High
V039,CR009,E003,0.6674325824175185,7.9406329930122945,0.5,0.47,High
V039,CR010,E003,0.43313033170277904,7.9406329930122945,0.75,0.47,Low
V006,CR010,E003,0.33530338958029543,15.745080284356767,0.75,0.37,Low
V039,CR011,E003,0.4370794363830641,7.9406329930122945,0.6666666666666666,0.47,Low
V006,CR011,E003,0.33918518681431553,15.745080284356767,0.6666666666666666,0.37,Low
V045,CR012,E004,0.7549384412141421,8.26777358842473,0.5,0.53,High
V037,CR014,E005,0.6123609292634351,5.046154683663861,0.6666666666666666,0.67,Low
V037,CR015,E005,0.6094877894910887,5.046154683663861,0.75,0.67,Low
V037,CR016,E005,0.7508602860061132,5.046154683663861,1,0.67,Medium
V038,CR018,E006,0.7589228392049232,5.891266663204474,0.5,1.01,Low
V022,CR018,E006,0.6739168380658085,13.661079180329812,0.5,0.76,Low
V003,CR018,E006,0.6430753080593066,17.81305187223912,1,0.73,Low
V008,CR018,E006,0.43430479819067386,15.383279948163668,0.75,0.47,Low
V035,CR018,E006,0.3377629220715299,12.826206971724034,0.5,0.36,Low
V022,CR019,E006,0.6739168380658085,13.661079180329812,0.5,0.76,Low
V003,CR019,E006,0.6575921229671557,17.81305187223912,0.5,0.73,Low
V008,CR019,E006,0.4461225948901816,15.383279948163668,0.5,0.47,Low
V035,CR019,E006,0.3377629220715299,12.826206971724034,0.5,0.36,Low
V041,CR019,E006,0.2902811855802312,12.839583035137512,0.5,0.31,Low
V029,CR020,E007,0.7022049130306037,18.67594040219873,0.6666666666666666,0.5,High
V013,CR022,E007,0.6320800466021591,11.611947084866966,0.5,0.69,Low
V029,CR022,E007,0.46426586360832245,18.67594040219873,0.75,0.5,Low
V029,CR023,E007,0.7022049130306037,18.67594040219873,0.6666666666666666,0.5,High
V013,CR024,E007,0.7901000582526988,11.611947084866966,0.5,0.69,Medium
V029,CR024,E007,0.580332329510403,18.67594040219873,0.75,0.5,Medium
V007,CR025,E008,1.0719156157907226,8.791717861316561,0.5,0.85,High
V027,CR025,E008,0.948811970617856,15.991465831378738,0.5,0.69,High
V036,CR025,E008,0.710328936833237,16.156891598941336,0.75,0.51,High
V006,CR025,E008,0.519728334231227,12.55644649957081,0.5,0.37,High
V036,CR026,E008,0.692935123312001,16.156891598941336,1,0.51,High
V006,CR026,E008,0.48487110068237926,12.55644649957081,1,0.37,High
V007,CR027,E008,0.8874361996444772,8.791717861316561,0.75,0.85,Medium
V027,CR027,E008,0.7906766421815468,15.991465831378738,0.5,0.69,Medium
V036,CR027,E008,0.6062774284185928,16.156891598941336,0.5,0.51,Medium
V006,CR027,E008,0.43310694519268916,12.55644649957081,0.5,0.37,Medium
V007,CR028,E008,0.8874361996444772,8.791717861316561,0.75,0.85,Medium
V027,CR028,E008,0.7906766421815468,15.991465831378738,0.5,0.69,Medium
V014,CR028,E008,0.7155478904345752,6.353427796191263,0.5,0.61,Medium
V006,CR028,E008,0.43310694519268916,12.55644649957081,0.5,0.37,Medium
V038,CR029,E009,0.7575715869228429,13.001050790122989,0.6666666666666666,1.01,Low
V003,CR029,E009,0.6522803319100912,11.604652043925281,0.6666666666666666,0.73,Low
V008,CR029,E009,0.42174001649288856,11.051591519110286,1,0.47,Low
V038,CR030,E009,1.1387136678561134,13.001050790122989,0.5,1.01,High
V022,CR030,E009,1.011436745774888,18.101465446521633,0.5,0.76,High
V003,CR030,E009,0.9855205404869741,11.604652043925281,0.5,0.73,High
V008,CR030,E009,0.6326100247393328,11.051591519110286,1,0.47,High
V049,CR036,E011,0.8663694625100836,18.03158569875758,0.75,0.81,Medium
V027,CR036,E011,0.7896239455893327,8.002225945688586,0.5,0.69,Medium
V039,CR036,E011,0.5254507980413334,2.348415354107687,1,0.47,Medium
V047,CR036,E011,0.5078515373342439,9.583221297852665,0.5,0.43,Medium
V049,CR037,E011,1.0311669104958867,18.03158569875758,1,0.81,High
V027,CR037,E011,0.9475487347071991,8.002225945688586,0.5,0.69,High
V039,CR037,E011,0.6305409576496,2.348415354107687,1,0.47,High
V047,CR037,E011,0.6094218448010927,9.583221297852665,0.5,0.43,High
V049,CR038,E011,0.8593057587465723,18.03158569875758,1,0.81,Medium
V027,CR038,E011,0.7691053506391047,8.002225945688586,1,0.69,Medium
V039,CR038,E011,0.5254507980413334,2.348415354107687,1,0.47,Medium
V049,CR039,E011,0.8593057587465723,18.03158569875758,1,0.81,Medium
V027,CR039,E011,0.7896239455893327,8.002225945688586,0.5,0.69,Medium
V039,CR039,E011,0.5403093592511881,2.348415354107687,0.75,0.47,Medium
V047,CR039,E011,0.5078515373342439,9.583221297852665,0.5,0.43,Medium
V010,CR040,E012,0.8366203844913563,3.2646277827346117,0.6666666666666666,0.76,Medium
V043,CR041,E012,0.9219131311524219,19.412062481369112,0.75,0.93,Medium
V043,CR042,E012,0.9261038712565017,19.412062481369112,0.5,0.93,Medium
V043,CR043,E012,0.9261038712565017,19.412062481369112,0.5,0.93,Medium
V010,CR043,E012,0.8419876182936676,3.2646277827346117,0.5,0.76,Medium
V043,CR044,E012,0.7408830970052014,19.412062481369112,0.5,0.93,Low
V043,CR049,E014,0.7406262366578923,13.519845613952615,0.5,0.93,Low
V029,CR049,E014,0.4508258532847596,7.437686637151827,1,0.5,Low
V043,CR050,E014,0.9215753890812541,13.519845613952615,0.75,0.93,Medium
V029,CR050,E014,0.5635323166059495,7.437686637151827,1,0.5,Medium
V049,CR051,E015,1.0418277367576911,12.8917418601053,0.6666666666666666,0.81,High
V027,CR051,E015,0.9393414748084186,6.876730102816853,0.6666666666666666,0.69,High
V039,CR051,E015,0.6564626968349954,11.510159322440519,0.6666666666666666,0.47,High
V049,CR052,E015,0.8588112299334941,12.8917418601053,1,0.81,Medium
V027,CR052,E015,0.7827845623403489,6.876730102816853,0.6666666666666666,0.69,Medium
V039,CR052,E015,0.5470522473624961,11.510159322440519,0.6666666666666666,0.47,Medium
V049,CR053,E016,0.8593834751660652,18.840697727001967,1,0.81,Medium
V027,CR053,E016,0.7832883399715976,10.608285242783634,0.6666666666666666,0.69,Medium
V039,CR053,E016,0.5450023632754207,1.1036415986634247,0.6666666666666666,0.47,Medium
V049,CR054,E016,0.8664438835302558,18.840697727001967,0.75,0.81,Medium
V027,CR054,E016,0.78996775737796,10.608285242783634,0.5,0.69,Medium
V039,CR054,E016,0.525204140134338,1.1036415986634247,1,0.47,Medium
V047,CR054,E016,0.5085338684266408,11.873562362145472,0.5,0.43,Medium
V049,CR055,E016,0.868729824256716,18.840697727001967,0.6666666666666666,0.81,Medium
V027,CR055,E016,0.7832883399715976,10.608285242783634,0.6666666666666666,0.69,Medium
V039,CR055,E016,0.5450023632754207,1.1036415986634247,0.6666666666666666,0.47,Medium
V032,CR057,E017,0.47522486524159746,14.674712361843206,0.5,0.5,Low
V004,CR057,E017,0.41697788320617496,18.99748634328044,0.5,0.44,Low
V032,CR058,E017,0.6954692987720037,14.674712361843206,0.75,0.5,High
V004,CR058,E017,0.6075726722023862,18.99748634328044,0.75,0.44,High
V025,CR059,E018,0.712469658029431,13.076232663050535,0.5,0.5,High
V012,CR059,E018,0.4774606837702512,12.121700579564369,0.5,0.34,High
V041,CR059,E018,0.43448685768910117,10.01110084972223,0.5,0.31,High
V003,CR060,E018,0.6428977312763049,16.042302961657086,1,0.73,Low
V025,CR060,E018,0.4633985571079479,13.076232663050535,0.75,0.5,Low
V012,CR060,E018,0.3069384293752064,12.121700579564369,0.75,0.34,Low
V041,CR060,E018,0.2787203774119669,10.01110084972223,0.75,0.31,Low
V003,CR061,E018,0.9643465969144571,16.042302961657086,1,0.73,High
V025,CR061,E018,0.712469658029431,13.076232663050535,0.5,0.5,High
V012,CR061,E018,0.4604076440628095,12.121700579564369,0.75,0.34,High
V041,CR061,E018,0.43448685768910117,10.01110084972223,0.5,0.31,High
V003,CR062,E018,0.9643465969144571,16.042302961657086,1,0.73,High
V025,CR062,E018,0.6775609136221272,13.076232663050535,1,0.5,High
V041,CR062,E018,0.42351768416034186,10.01110084972223,0.6666666666666666,0.31,High
V049,CR063,E019,1.0307819160348501,14.69536223219168,1,0.81,High
V027,CR063,E019,0.9470664312151491,4.959673185852394,0.5,0.69,High
V039,CR063,E019,0.6322486921718875,9.531478061840879,1,0.47,High
V047,CR063,E019,0.6069887940788915,2.7780344051364096,0.5,0.43,High
V049,CR064,E019,1.04202445351249,14.69536223219168,0.6666666666666666,0.81,High
V027,CR064,E019,0.9390305061223091,4.959673185852394,0.6666666666666666,0.69,High
V039,CR064,E019,0.6559951270246239,9.531478061840879,0.6666666666666666,0.47,High
V049,CR065,E019,0.6871879440232336,14.69536223219168,1,0.81,Low
V027,CR065,E019,0.6313776208100994,4.959673185852394,0.5,0.69,Low
V039,CR065,E019,0.42149912811459167,9.531478061840879,1,0.47,Low
V047,CR065,E019,0.40465919605259437,2.7780344051364096,0.5,0.43,Low
V049,CR066,E019,0.8589849300290419,14.69536223219168,1,0.81,Medium
V027,CR066,E019,0.782525421768591,4.959673185852394,0.6666666666666666,0.69,Medium
V039,CR066,E019,0.5466626058538533,9.531478061840879,0.6666666666666666,0.47,Medium
V049,CR067,E020,1.0304775437819844,12.062269573788495,1,0.81,High
V027,CR067,E020,0.9230624103241543,8.805416879099878,1,0.69,High
V014,CR067,E020,0.8608023307064496,17.425158022439668,0.5,0.61,High
V039,CR067,E020,0.6333616880491144,14.214133798052268,1,0.47,High
V027,CR068,E020,0.7830450497809474,8.805416879099878,0.6666666666666666,0.69,Medium
V039,CR068,E020,0.547584620149116,14.214133798052268,0.6666666666666666,0.47,Medium
V049,CR069,E020,0.8658193285590297,12.062269573788495,0.75,0.81,Medium
V027,CR069,E020,0.779645470434793,8.805416879099878,0.75,0.69,Medium
V014,CR069,E020,0.717335275588708,17.425158022439668,0.5,0.61,Medium
V039,CR069,E020,0.5426504290080386,14.214133798052268,0.75,0.47,Medium
V049,CR070,E020,0.858731286484987,12.062269573788495,1,0.81,Medium
V027,CR070,E020,0.7692186752701285,8.805416879099878,1,0.69,Medium
V014,CR070,E020,0.6925117071151705,17.425158022439668,1,0.61,Medium
V039,CR070,E020,0.5574240515713389,14.214133798052268,0.5,0.47,Medium
V048,CR071,E021,0.6734178875246746,5.1726535760087335,0.5,0.76,Low
V040,CR071,E021,0.2777728916088104,5.630878488099973,0.75,0.31,Low
V048,CR072,E021,0.8363992345603727,5.1726535760087335,0.6666666666666666,0.76,Medium
V040,CR072,E021,0.33381163560119725,5.630878488099973,1,0.31,Medium
V048,CR073,E021,0.8363992345603727,5.1726535760087335,0.6666666666666666,0.76,Medium
V040,CR073,E021,0.33381163560119725,5.630878488099973,1,0.31,Medium
V048,CR074,E021,0.8336580911396402,5.1726535760087335,0.75,0.76,Medium
V040,CR074,E021,0.347216114511013,5.630878488099973,0.75,0.31,Medium
V038,CR075,E022,0.9489066024562682,12.444086019707594,0.5,1.01,Medium
V022,CR075,E022,0.8347972058253043,18.124517046582458,0.75,0.76,Medium
V020,CR075,E022,0.618648623153164,19.00946019405883,0.5,0.52,Medium
V035,CR075,E022,0.4218728652769636,11.688510865708182,0.5,0.36,Medium
V038,CR076,E022,1.131357481723256,12.444086019707594,1,1.01,High
V022,CR076,E022,1.0114396571174662,18.124517046582458,0.5,0.76,High
V020,CR076,E022,0.7423783477837969,19.00946019405883,0.5,0.52,High
V022,CR077,E023,0.6742339718365762,17.42233793451199,0.5,0.76,Low
V013,CR077,E023,0.6318505372800854,9.4361533030312,0.5,0.69,Low
V029,CR077,E023,0.4524030650976249,17.529570445033738,1,0.5,Low
V015,CR077,E023,0.35535456472590954,12.569963856229258,0.75,0.39,Low
V013,CR078,E023,0.6265041501588914,9.4361533030312,0.6666666666666666,0.69,Low
V029,CR078,E023,0.4524030650976249,17.529570445033738,1,0.5,Low
V015,CR078,E023,0.3592890166581174,12.569963856229258,0.6666666666666666,0.39,Low
V022,CR079,E023,0.8427924647957202,17.42233793451199,0.5,0.76,Medium
V029,CR079,E023,0.5801104489542752,17.529570445033738,0.75,0.5,Medium
V015,CR079,E023,0.4441932059073869,12.569963856229258,0.75,0.39,Medium
V022,CR080,E024,0.8258501903309357,13.316538492871048,1,0.76,Medium
V013,CR080,E024,0.7896105243231215,7.900557473876878,0.5,0.69,Medium
V015,CR080,E024,0.4583932334377671,10.599679789521053,0.5,0.39,Medium
V035,CR080,E024,0.42152722520597224,10.499473170746814,0.5,0.36,Medium
V022,CR081,E024,1.010831633015139,13.316538492871048,0.5,0.76,High
V013,CR081,E024,0.935426295907491,7.900557473876878,0.75,0.69,High
V015,CR081,E024,0.5500718801253205,10.599679789521053,0.5,0.39,High
V035,CR081,E024,0.4884513300174622,10.499473170746814,0.75,0.36,High
V018,CR082,E025,0.8559777955251512,11.56100791337722,1,0.63,High
V036,CR082,E025,0.6917848823954172,11.214900185438633,1,0.51,High
V017,CR082,E025,0.5518644529389383,3.60311216561875,0.6666666666666666,0.4,High
V018,CR083,E025,0.8559777955251512,11.56100791337722,1,0.63,High
V036,CR083,E025,0.6917848823954172,11.214900185438633,1,0.51,High
V017,CR083,E025,0.5282273413908802,3.60311216561875,1,0.4,High
V010,CR084,E026,0.6695859204420964,4.376583453660785,0.6666666666666666,0.76,Low
V010,CR085,E026,0.9909946097480614,4.376583453660785,1,0.76,High
V020,CR085,E026,0.7395912074362793,6.635055579153595,0.5,0.52,High
V025,CR085,E026,0.7133372120728424,16.848927543481814,0.5,0.5,High
V031,CR086,E027,0.50870896422162315,10.299722595695302,0.6666666666666666,0.37,High
V011,CR087,E027,0.9217386707863109,3.9846427165943896,0.5,0.92,Medium
V031,CR087,E027,0.4046129744132366,10.299722595695302,1,0.37,Medium
V031,CR088,E027,0.42392413685135266,10.299722595695302,0.6666666666666666,0.37,Medium
V011,CR089,E027,0.7338579802025443,3.9846427165943896,0.75,0.92,Low
V031,CR089,E027,0.3352576553040838,10.299722595695302,0.75,0.37,Low
V007,CR090,E028,1.0571850461534584,6.019613512766804,1,0.85,High
V027,CR090,E028,0.9241658341346443,15.332771721260363,1,0.69,High
V014,CR090,E028,0.8490984535685571,7.591373493901934,0.6666666666666666,0.61,High
V006,CR090,E028,0.5070007038228012,8.11089544928032,0.6666666666666666,0.37,High
V007,CR091,E028,0.8809875384612154,6.019613512766804,1,0.85,Medium
V027,CR091,E028,0.7701381951122036,15.332771721260363,1,0.69,Medium
V014,CR091,E028,0.6908451951583283,7.591373493901934,1,0.61,Medium
V039,CR091,E028,0.5584225875247046,19.308748249526325,0.5,0.47,Medium
V011,CR092,E029,1.1069859973569502,17.119962513299633,0.5,0.92,High
V003,CR092,E029,0.9750053984359901,12.998297017785278,0.75,0.73,High
V008,CR092,E029,0.6498019898785911,8.390425944201484,0.75,0.47,High
V011,CR093,E029,0.922488331130792,17.119962513299633,0.5,0.92,Medium
V003,CR093,E029,0.8125044986966584,12.998297017785278,0.75,0.73,Medium
V008,CR093,E029,0.5415016582321592,8.390425944201484,0.75,0.47,Medium
V011,CR094,E029,1.1069859973569502,17.119962513299633,0.5,0.92,High
V003,CR094,E029,0.9750053984359901,12.998297017785278,0.75,0.73,High
V008,CR094,E029,0.6498019898785911,8.390425944201484,0.75,0.47,High
V011,CR095,E029,0.922488331130792,17.119962513299633,0.5,0.92,Medium
V003,CR095,E029,0.8125044986966584,12.998297017785278,0.75,0.73,Medium
V008,CR095,E029,0.5415016582321592,8.390425944201484,0.75,0.47,Medium
V011,CR096,E029,1.1069859973569502,17.119962513299633,0.5,0.92,High
V003,CR096,E029,0.9750053984359901,12.998297017785278,0.75,0.73,High
V008,CR096,E029,0.6498019898785911,8.390425944201484,0.75,0.47,High
V038,CR097,E030,1.131121196255961,7.856928005416663,1,1.01,High
V013,CR097,E030,0.9484725031429682,13.84163497544851,0.5,0.69,High
V035,CR097,E030,0.5026727408810696,1.4319574108346365,0.5,0.36,High
V038,CR098,E030,0.9487295821312828,7.856928005416663,0.5,1.01,Medium
V022,CR098,E030,0.8336519751591329,7.703480792016691,0.75,0.76,Medium
V013,CR098,E030,0.7903937526191401,13.84163497544851,0.5,0.69,Medium
V035,CR098,E030,0.4044367230932813,1.4319574108346365,0.75,0.36,Medium
V038,CR099,E030,0.7574070452733682,7.856928005416663,0.6666666666666666,1.01,Low
V022,CR099,E030,0.6691145596685524,7.703480792016691,0.6666666666666666,0.76,Low
V013,CR099,E030,0.6269793389312173,13.84163497544851,0.6666666666666666,0.69,Low
V038,CR100,E030,0.9487295821312828,7.856928005416663,0.5,1.01,Medium
V022,CR100,E030,0.8417664851398131,7.703480792016691,0.5,0.76,Medium
V013,CR100,E030,0.7903937526191401,13.84163497544851,0.5,0.69,Medium
V035,CR100,E030,0.39014346335464667,1.4319574108346365,1,0.36,Medium
V022,CR101,E030,0.6601661972019048,7.703480792016691,1,0.76,Low
V013,CR101,E030,0.6323150020953121,13.84163497544851,0.5,0.69,Low
V035,CR101,E030,0.3351151605873798,1.4319574108346365,0.5,0.36,Low
V049,CR102,E031,1.040769323690688,3.2200774425149516,0.6666666666666666,0.81,High
V049,CR103,E031,0.6938462157937921,3.2200774425149516,0.6666666666666666,0.81,Low
V007,CR104,E032,0.8810984985439956,6.9078080010729614,1,0.85,Medium
V006,CR104,E032,0.4314992885221295,4.313007613396862,0.5,0.37,Medium
V007,CR105,E032,0.7144389754885276,6.9078080010729614,0.5,0.85,Low
V004,CR105,E032,0.3909798753455974,5.589227759171339,1,0.44,Low
V006,CR105,E032,0.3451994308177036,4.313007613396862,0.5,0.37,Low
V007,CR106,E032,0.8891876255627068,6.9078080010729614,0.6666666666666666,0.85,Medium
V004,CR106,E032,0.5086210338331864,5.589227759171339,0.6666666666666666,0.44,Medium
V006,CR106,E032,0.42176438023787677,4.313007613396862,0.6666666666666666,0.37,Medium
V007,CR107,E032,1.0646540214801805,6.9078080010729614,0.75,0.85,High
V004,CR107,E032,0.6222753968570238,5.589227759171339,0.5,0.44,High
V006,CR107,E032,0.5177991462265553,4.313007613396862,0.5,0.37,High
V049,CR108,E033,0.8663330939969529,17.636322572688933,0.75,0.81,Medium
V016,CR108,E033,0.79924612954822,6.472346574301774,0.5,0.7,Medium
V027,CR108,E033,0.7701724773040706,15.576482877591006,1,0.69,Medium
V024,CR108,E033,0.7558987284534987,16.933388499919612,0.5,0.65,Medium
V002,CR108,E033,0.6858602792805609,10.886119864752551,0.5,0.58,Medium
V049,CR109,E033,0.8730960872993389,17.636322572688933,0.5,0.81,Medium
V016,CR109,E033,0.7794038326338052,6.472346574301774,1,0.7,Medium
V027,CR109,E033,0.7701724773040706,15.576482877591006,1,0.69,Medium
V024,CR109,E033,0.7332022077949031,16.933388499919612,1,0.65,Medium
V049,CR110,E033,0.8592677800745425,17.636322572688933,1,0.81,Medium
V016,CR110,E033,0.79924612954822,6.472346574301774,0.5,0.7,Medium
V027,CR110,E033,0.7701724773040706,15.576482877591006,1,0.69,Medium
V024,CR110,E033,0.7558987284534987,16.933388499919612,0.5,0.65,Medium
V002,CR110,E033,0.6858602792805609,10.886119864752551,0.5,0.58,Medium
V049,CR111,E033,0.8663330939969529,17.636322572688933,0.75,0.81,Medium
V027,CR111,E033,0.7906220577357921,15.576482877591006,0.5,0.69,Medium
V024,CR111,E033,0.7558987284534987,16.933388499919612,0.5,0.65,Medium
V002,CR111,E033,0.6728578289537912,10.886119864752551,0.75,0.58,Medium
V039,CR111,E033,0.5262953562454097,6.611006890704761,1,0.47,Medium
V049,CR112,E033,1.0477153047592065,17.636322572688933,0.5,0.81,High
V016,CR112,E033,0.9590953554578641,6.472346574301774,0.5,0.7,High
V027,CR112,E033,0.9242069727648846,15.576482877591006,1,0.69,High
V024,CR112,E033,0.8798426493538837,16.933388499919612,1,0.65,High
V002,CR112,E033,0.8230323351366731,10.886119864752551,0.5,0.58,High
V029,CR113,E034,0.46279356878617633,9.17250529231423,0.75,0.5,Low
V023,CR113,E034,0.3742770807189687,4.461229979486029,0.75,0.41,Low
V034,CR113,E034,0.24255860667768056,6.362639762340445,1,0.28,Low
V043,CR114,E034,0.7401849158650053,3.4507493761269026,0.5,0.93,Low
V029,CR114,E034,0.45109709551279126,9.17250529231423,1,0.5,Low
V023,CR114,E034,0.36241337668484436,4.461229979486029,1,0.41,Low
V025,CR115,E035,0.7130004892287228,15.384382616079668,0.5,0.5,High
V038,CR116,E035,0.7569206549956464,17.800549240691304,0.75,1.01,Low
V020,CR116,E035,0.49345929636168284,9.286498543571122,0.5,0.52,Low
V025,CR116,E035,0.4637561277516684,15.384382616079668,0.75,0.5,Low
V011,CR117,E036,1.1028304041920904,7.466835721056295,0.6666666666666666,0.92,High
V031,CR117,E036,0.5065480197924992,4.1100380196877335,0.6666666666666666,0.37,High
V011,CR118,E036,0.737550440585991,7.466835721056295,0.5,0.92,Low
V031,CR118,E036,0.3222694849787733,4.1100380196877335,1,0.37,Low
V031,CR119,E036,0.5065480197924992,4.1100380196877335,0.6666666666666666,0.37,High
V031,CR120,E036,0.5007323564189943,4.1100380196877335,0.75,0.37,High
V011,CR121,E036,0.9175320993708072,7.466835721056295,0.75,0.92,Medium
V031,CR121,E036,0.4172769636824953,4.1100380196877335,0.75,0.37,Medium
V018,CR124,E038,0.8748718100563238,10.49034331555498,0.6666666666666666,0.63,High
V017,CR124,E038,0.5519731078947518,3.7560181581136374,0.6666666666666666,0.4,High
V018,CR125,E038,0.7130537759431513,10.49034331555498,1,0.63,Medium
V026,CR125,E038,0.5843604104042517,9.650832364288274,0.6666666666666666,0.5,Medium
V017,CR125,E038,0.44027928011473166,3.7560181581136374,1,0.4,Medium
V018,CR126,E038,0.7130537759431513,10.49034331555498,1,0.63,Medium
V036,CR126,E038,0.6056165840772402,12.6740833736495,0.5,0.51,Medium
V026,CR126,E038,0.5939930477144573,9.650832364288274,0.5,0.5,Medium
V017,CR126,E038,0.4698777822559953,3.7560181581136374,0.5,0.4,Medium
V018,CR127,E038,0.7251113019791839,10.49034331555498,0.75,0.63,Medium
V026,CR127,E038,0.5939930477144573,9.650832364288274,0.5,0.5,Medium
V036,CR127,E038,0.5912720955405893,12.6740833736495,0.75,0.51,Medium
V017,CR127,E038,0.4550388211729009,3.7560181581136374,0.75,0.4,Medium
V005,CR128,E039,0.9385917901047793,6.083943325040186,0.5,0.97,Medium
V049,CR128,E039,0.8729239916072349,15.682878356258657,0.5,0.81,Medium
V027,CR128,E039,0.7706479615361674,18.959321161926912,1,0.69,Medium
V044,CR128,E039,0.3232958036736623,3.7329568748630644,1,0.3,Medium
V049,CR129,E039,0.8729239916072349,15.682878356258657,0.5,0.81,Medium
V027,CR129,E039,0.791066711616173,18.959321161926912,0.5,0.69,Medium
V044,CR129,E039,0.3499468588653569,3.7329568748630644,0.5,0.3,Medium
V005,CR130,E039,0.9362575114153426,6.083943325040186,0.6666666666666666,0.97,Medium
V049,CR130,E039,0.8590799584110689,15.682878356258657,1,0.81,Medium
V027,CR130,E039,0.7706479615361674,18.959321161926912,1,0.69,Medium
V027,CR131,E039,0.6328533692929385,18.959321161926912,0.5,0.69,Low
V044,CR131,E039,0.25863664293892985,3.7329568748630644,1,0.3,Low
V038,CR132,E040,0.9490744222971322,16.806736574487584,0.5,1.01,Medium
V020,CR132,E040,0.617918176937761,15.11471281406377,0.5,0.52,Medium
V038,CR133,E040,1.1315814961829198,16.806736574487584,1,1.01,High
V020,CR133,E040,0.7415018123253131,15.11471281406377,0.5,0.52,High
V038,CR135,E040,0.9490744222971322,16.806736574487584,0.5,1.01,Medium
V020,CR135,E040,0.617918176937761,15.11471281406377,0.5,0.52,Medium
V020,CR137,E041,0.4872478695720707,18.18351593912131,0.6666666666666666,0.52,Low
V026,CR137,E041,0.46805847103327625,12.113081803044961,0.6666666666666666,0.5,Low
V020,CR138,E041,0.49479501192756303,18.18351593912131,0.5,0.52,Low
V026,CR138,E041,0.4757605320259186,12.113081803044961,0.5,0.5,Low
V036,CR138,E041,0.461477892455589,13.070443253807483,1,0.51,Low
V020,CR139,E041,0.49479501192756303,18.18351593912131,0.5,0.52,Low
V026,CR139,E041,0.4757605320259186,12.113081803044961,0.5,0.5,Low
V020,CR141,E041,0.49479501192756303,18.18351593912131,0.5,0.52,Low
V036,CR141,E041,0.4845534486284162,13.070443253807483,0.5,0.51,Low
V032,CR142,E042,0.7006481560053793,11.953753379497464,0.6666666666666666,0.5,High
V004,CR143,E042,0.4161031998965837,13.484538904819294,0.5,0.44,Low
V006,CR143,E042,0.32420273649846515,18.794253378718583,1,0.37,Low
V010,CR144,E043,0.6743271492496502,6.176301173979431,0.5,0.76,Low
V020,CR144,E043,0.4928165978233139,5.010816574638661,0.5,0.52,Low
V025,CR144,E043,0.4753517858034541,15.50262880826112,0.5,0.5,Low
V010,CR145,E043,0.6743271492496502,6.176301173979431,0.5,0.76,Low
V020,CR145,E043,0.4928165978233139,5.010816574638661,0.5,0.52,Low
V025,CR145,E043,0.45208641554303414,15.50262880826112,1,0.5,Low
V010,CR146,E043,0.6611560823043391,6.176301173979431,1,0.76,Low
V020,CR146,E043,0.48525165350524607,5.010816574638661,0.6666666666666666,0.52,Low
V010,CR147,E043,1.005080352127008,6.176301173979431,0.6666666666666666,0.76,High
V010,CR148,E043,0.83756696010584,6.176301173979431,0.6666666666666666,0.76,Medium
V020,CR148,E043,0.6065645668815576,5.010816574638661,0.6666666666666666,0.52,Medium
V025,CR148,E043,0.5651080194287926,15.50262880826112,1,0.5,Medium
V049,CR149,E044,0.8657512080743793,11.324557416479326,0.75,0.81,Medium
V049,CR150,E044,1.0389014496892552,11.324557416479326,0.75,0.81,High
V043,CR151,E045,0.7405722319547539,12.283995281894128,0.5,0.93,Low
V029,CR151,E045,0.4739376611711408,6.283894858890355,0.5,0.5,Low
V043,CR152,E045,1.1058052568922676,12.283995281894128,0.75,0.93,High
V029,CR152,E045,0.6935185657168708,6.283894858890355,0.75,0.5,High
V022,CR153,E046,0.6741453881995123,16.370945796551823,0.5,0.76,Low
V022,CR154,E046,0.6609591997206832,16.370945796551823,1,0.76,Low
V008,CR154,E046,0.4362718802243737,2.8163987058386124,0.6666666666666666,0.47,Low
V022,CR155,E046,0.6676839510423777,16.370945796551823,0.75,0.76,Low
V008,CR155,E046,0.4204348223901798,2.8163987058386124,1,0.47,Low
V022,CR156,E046,0.8373335236790768,16.370945796551823,0.6666666666666666,0.76,Medium
V008,CR156,E046,0.5255435279877247,2.8163987058386124,1,0.47,Medium
V022,CR157,E046,1.0112180822992682,16.370945796551823,0.5,0.76,High
V008,CR157,E046,0.6306522335852697,2.8163987058386124,1,0.47,High
V027,CR158,E047,0.6324913106077845,15.51628098549171,0.5,0.69,Low
V018,CR158,E047,0.5893453290467181,9.765836838093026,0.5,0.63,Low
V050,CR158,E047,0.2939419307211564,4.080140216124479,1,0.34,Low
V018,CR159,E047,0.7249391310122152,9.765836838093026,0.75,0.63,Medium
V050,CR159,E047,0.3814089287135462,4.080140216124479,0.75,0.34,Medium
V027,CR160,E047,0.9407395860305902,15.51628098549171,0.6666666666666666,0.69,High
V018,CR160,E047,0.8746670630104515,9.765836838093026,0.6666666666666666,0.63,High
V014,CR160,E047,0.8505817531826375,15.118454291269533,0.6666666666666666,0.61,High
V027,CR161,E047,0.7839496550254919,15.51628098549171,0.6666666666666666,0.69,Medium
V018,CR161,E047,0.7288892191753763,9.765836838093026,0.6666666666666666,0.63,Medium
V050,CR161,E047,0.3861147616398084,4.080140216124479,0.6666666666666666,0.34,Medium
V022,CR162,E048,1.0002523021012084,6.720164020783323,0.75,0.76,High
V013,CR162,E048,0.9470126438047617,4.620625559364459,0.5,0.69,High
V035,CR162,E048,0.4709956483083493,9.71926858572305,1,0.36,High
V022,CR163,E048,0.6733299025095218,6.720164020783323,0.5,0.76,Low
V013,CR163,E048,0.6313417625365079,4.620625559364459,0.5,0.69,Low
V015,CR163,E048,0.35315883538398546,3.2375200640245567,0.75,0.39,Low
V038,CR164,E048,0.9491184360708058,17.95317207581341,0.5,1.01,Medium
V022,CR164,E048,0.825095008666129,6.720164020783323,1,0.76,Medium
V013,CR164,E048,0.7891772031706348,4.620625559364459,0.5,0.69,Medium
V015,CR164,E048,0.4562153337989924,3.2375200640245567,0.5,0.39,Medium
V035,CR164,E048,0.42130047013723176,9.71926858572305,0.5,0.36,Medium
V022,CR165,E048,0.8335435850843405,6.720164020783323,0.75,0.76,Medium
V013,CR165,E048,0.7790736271473926,4.620625559364459,0.75,0.69,Medium
V015,CR165,E048,0.4562153337989924,3.2375200640245567,0.5,0.39,Medium
V035,CR165,E048,0.42130047013723176,9.71926858572305,0.5,0.36,Medium
V049,CR166,E049,0.858508021268478,9.747803269775623,1,0.81,Medium
V049,CR167,E049,1.0468798754437965,9.747803269775623,0.5,0.81,High
V049,CR168,E050,0.8593894429396274,18.902844168733562,1,0.81,Medium
V001,CR168,E050,0.7806940611180586,5.49979094366492,0.75,0.69,Medium
V024,CR168,E050,0.7430004862936511,5.6016632239759785,0.75,0.65,Medium
V002,CR168,E050,0.673242276887115,12.351793438828096,0.75,0.58,Medium
V049,CR169,E050,0.6931596785801148,18.902844168733562,0.75,0.81,Low
V024,CR169,E050,0.6033866918404323,5.6016632239759785,0.5,0.65,Low
V002,CR169,E050,0.548989257957961,12.351793438828096,0.5,0.58,Low
V049,CR170,E050,0.6985660476844567,18.902844168733562,0.5,0.81,Low
V001,CR170,E050,0.63259474806065,5.49979094366492,0.5,0.69,Low
V024,CR170,E050,0.6033866918404323,5.6016632239759785,0.5,0.65,Low
V002,CR170,E050,0.548989257957961,12.351793438828096,0.5,0.58,Low
V049,CR171,E050,0.6931596785801148,18.902844168733562,0.75,0.81,Low
V001,CR171,E050,0.63259474806065,5.49979094366492,0.5,0.69,Low
V024,CR171,E050,0.5851496109633474,5.6016632239759785,1,0.65,Low
V049,CR172,E050,0.8593894429396274,18.902844168733562,1,0.81,Medium
V001,CR172,E050,0.77030226523358,5.49979094366492,1,0.69,Medium
V024,CR172,E050,0.7542333648005403,5.6016632239759785,0.5,0.65,Medium
V002,CR172,E050,0.6599764795115489,12.351793438828096,1,0.58,Medium
V008,CR173,E051,0.43815154109216303,14.746519975892879,0.6666666666666666,0.47,Low
V008,CR174,E051,0.5575284202400937,14.746519975892879,0.5,0.47,Medium
V007,CR175,E052,1.0653714312021643,11.931582222919728,0.75,0.85,High
V027,CR175,E052,0.9483364491310151,12.980610127654366,0.5,0.69,High
V014,CR175,E052,0.8580726428491043,3.341857376136971,0.5,0.61,High
V006,CR175,E052,0.5203284897438636,15.119436012780696,0.5,0.37,High
V050,CR175,E052,0.460363285852904,11.990554129207998,0.75,0.34,High
V007,CR176,E052,0.8878095260018035,11.931582222919728,0.75,0.85,Medium
V027,CR176,E052,0.7802149432300514,12.980610127654366,0.75,0.69,Medium
V014,CR176,E052,0.702742878975121,3.341857376136971,0.75,0.61,Medium
V006,CR176,E052,0.433607074786553,15.119436012780696,0.5,0.37,Medium
V050,CR176,E052,0.39784645261858215,11.990554129207998,0.5,0.34,Medium
V007,CR177,E052,0.7148954648198446,11.931582222919728,0.5,0.85,Low
V027,CR177,E052,0.6322242994206768,12.980610127654366,0.5,0.69,Low
V036,CR177,E052,0.4739195913706179,18.54707319447353,0.75,0.51,Low
V006,CR177,E052,0.33520656003754234,15.119436012780696,0.75,0.37,Low
V050,CR177,E052,0.31827716209486573,11.990554129207998,0.5,0.34,Low
V007,CR178,E052,1.0580693082743422,11.931582222919728,1,0.85,High
V027,CR178,E052,0.9237685662009053,12.980610127654366,1,0.69,High
V014,CR178,E052,0.828148195185359,3.341857376136971,1,0.61,High
V050,CR178,E052,0.47741574314229857,11.990554129207998,0.5,0.34,High
V007,CR179,E052,1.0580693082743422,11.931582222919728,1,0.85,High
V027,CR179,E052,0.9403298104365396,12.980610127654366,0.6666666666666666,0.69,High
V014,CR179,E052,0.8482594069094297,3.341857376136971,0.6666666666666666,0.61,High
V050,CR179,E052,0.4660225583463073,11.990554129207998,0.6666666666666666,0.34,High
V003,CR180,E053,0.9738611428703807,5.136940694741596,0.75,0.73,High
V008,CR180,E053,0.6691262985614891,15.138440200660996,0.5,0.47,High
V012,CR180,E053,0.47650690501034854,9.337466962135462,0.5,0.34,High
V038,CR181,E053,0.7593010535163346,18.158544540988558,0.5,1.01,Low
V003,CR181,E053,0.64924076191358715,5.136940694741596,0.75,0.73,Low
V008,CR181,E053,0.4342661712898207,15.138440200660996,0.75,0.47,Low
V012,CR181,E053,0.3176712700068991,9.337466962135462,0.5,0.34,Low
V003,CR182,E053,0.9738611428703807,5.136940694741596,0.75,0.73,High
V008,CR182,E053,0.6691262985614891,15.138440200660996,0.5,0.47,High
V012,CR182,E053,0.47650690501034854,9.337466962135462,0.5,0.34,High
V038,CR183,E053,0.9491263168954182,18.158544540988558,0.5,1.01,Medium
V003,CR183,E053,0.8022509464693482,5.136940694741596,1,0.73,Medium
V008,CR183,E053,0.5279844621827766,15.138440200660996,1,0.47,Medium
V012,CR183,E053,0.36888514679577067,9.337466962135462,1,0.34,Medium
V038,CR184,E054,1.1313350710225845,12.008376932058228,1,1.01,High
V022,CR184,E054,1.0091840428316305,0.35095991804988463,0.5,0.76,High
V008,CR184,E054,0.6342640680414201,18.011384956673314,1,0.47,High
V015,CR184,E054,0.5145383322833396,10.082916186080148,1,0.39,High
V038,CR185,E054,0.9488898131485219,12.008376932058228,0.5,1.01,Medium
V022,CR185,E054,0.8409867023596921,0.35095991804988463,0.5,0.76,Medium
V013,CR185,E054,0.79007382878109,11.412927971237163,0.5,0.69,Medium
V008,CR185,E054,0.5285533900345167,18.011384956673314,1,0.47,Medium
V015,CR185,E054,0.4582403097614354,10.082916186080148,0.5,0.39,Medium
V038,CR186,E054,1.1386677757782262,12.008376932058228,0.5,1.01,High
V022,CR186,E054,1.0091840428316305,0.35095991804988463,0.5,0.76,High
V013,CR186,E054,0.9235035701470533,11.412927971237163,1,0.69,High
V008,CR186,E054,0.6698020211807245,18.011384956673314,0.5,0.47,High
V035,CR186,E054,0.5043320498278877,6.195345547464303,0.5,0.36,High
V013,CR187,E054,0.9235035701470533,11.412927971237163,1,0.69,High
V008,CR187,E054,0.6579984707799359,18.011384956673314,0.6666666666666666,0.47,High
V035,CR187,E054,0.49273454104724657,6.195345547464303,0.6666666666666666,0.36,High
V038,CR188,E054,0.9488898131485219,12.008376932058228,0.5,1.01,Medium
V013,CR188,E054,0.7695863084558778,11.412927971237163,1,0.69,Medium
V008,CR188,E054,0.5581683509839371,18.011384956673314,0.5,0.47,Medium
V015,CR188,E054,0.4582403097614354,10.082916186080148,0.5,0.39,Medium
V035,CR188,E054,0.4202767081899065,6.195345547464303,0.5,0.36,Medium
V021,CR189,E055,0.6258032330849354,6.444221954823113,1,0.55,Medium
V021,CR190,E055,0.5117394944929565,6.444221954823113,0.75,0.55,Low
V021,CR191,E055,0.5153984295333878,6.444221954823113,0.6666666666666666,0.55,Low
V021,CR192,E055,0.5153984295333878,6.444221954823113,0.6666666666666666,0.55,Low
V021,CR193,E055,0.7730976443000817,6.444221954823113,0.6666666666666666,0.55,High
V033,CR196,E057,0.7392823245258029,6.304595790309437,0.6666666666666666,0.64,Medium
V033,CR197,E057,0.8825144388308657,6.304595790309437,0.75,0.64,High
V033,CR198,E057,0.5789210030669262,6.304595790309437,1,0.64,Low
V020,CR198,E057,0.4866384061503853,14.158609003085685,0.6666666666666666,0.52,Low
V016,CR199,E058,0.9590719744000573,6.421411025722866,0.5,0.7,High
V024,CR199,E058,0.8777677952204697,5.83324854685407,1,0.65,High
V002,CR199,E058,0.8215170475046489,5.974643281368718,0.5,0.58,High
V039,CR199,E058,0.6697286103847321,17.699230186417033,0.5,0.47,High
V024,CR200,E058,0.8777677952204697,5.83324854685407,1,0.65,High
V002,CR200,E058,0.8111301328072493,5.974643281368718,0.6666666666666666,0.58,High
V039,CR200,E058,0.6341898932910998,17.699230186417033,1,0.47,High
V038,CR201,E059,0.9491708374174781,19.319304843946497,0.5,1.01,Medium
V003,CR201,E059,0.8205065739615794,5.095368619605965,0.5,0.73,Medium
V008,CR201,E059,0.558295799845466,18.661734109307726,0.5,0.47,Medium
V038,CR202,E059,0.9491708374174781,19.319304843946497,0.5,1.01,Medium
V003,CR202,E059,0.8115459000082368,5.095368619605965,0.75,0.73,Medium
V008,CR202,E059,0.5435274473639528,18.661734109307726,0.75,0.47,Medium
V012,CR202,E059,0.3820698711769344,6.429521494780098,0.75,0.34,Medium
V003,CR204,E059,0.6564052591692636,5.095368619605965,0.5,0.73,Low
V046,CR204,E059,0.5898848387999304,12.684840297950519,0.5,0.63,Low
V008,CR204,E059,0.43482195789116224,18.661734109307726,0.75,0.47,Low
V012,CR204,E059,0.30565589694154754,6.429521494780098,0.75,0.34,Low
V048,CR205,E060,1.0108874134164647,9.171400426368322,0.5,0.76,High
V040,CR205,E060,0.40144137805541924,8.356349091024436,1,0.31,High
V048,CR206,E060,0.6674544125435107,9.171400426368322,0.75,0.76,Low
V040,CR206,E060,0.278362261164082,8.356349091024436,0.75,0.31,Low
V048,CR207,E060,1.0044604918353401,9.171400426368322,0.6666666666666666,0.76,High
V040,CR207,E060,0.4229773028805545,8.356349091024436,0.6666666666666666,0.31,High
V040,CR208,E060,0.3345344817128494,8.356349091024436,1,0.31,Medium
V048,CR209,E060,1.0108874134164647,9.171400426368322,0.5,0.76,High
V040,CR209,E060,0.417543391746123,8.356349091024436,0.75,0.31,High
V027,CR210,E061,0.623433622149568,6.217979291085171,0.75,0.69,Low
V014,CR210,E061,0.5724678420170023,6.58164968381866,0.5,0.61,Low
V039,CR210,E061,0.4344062160643913,16.02614483336807,0.75,0.47,Low
V050,CR210,E061,0.3056504151363494,6.4051724875490805,0.75,0.34,Low
V039,CR211,E061,0.43835305409360575,16.02614483336807,0.6666666666666666,0.47,Low
V047,CR211,E061,0.3986682143454332,11.034769957294326,0.6666666666666666,0.43,Low
V050,CR211,E061,0.3094175009406037,6.4051724875490805,0.6666666666666666,0.34,Low
V027,CR212,E061,0.623433622149568,6.217979291085171,0.75,0.69,Low
V039,CR212,E061,0.42252820938311014,16.02614483336807,1,0.47,Low
V050,CR212,E061,0.31700207342736664,6.4051724875490805,0.5,0.34,Low
V027,CR213,E061,0.7792920276869599,6.217979291085171,0.75,0.69,Medium
V039,CR213,E061,0.5430077700804891,16.02614483336807,0.75,0.47,Medium
V050,CR213,E061,0.3820630189204367,6.4051724875490805,0.75,0.34,Medium
V027,CR214,E062,0.6261826428686362,6.460401616356044,0.6666666666666666,0.69,Low
V014,CR214,E062,0.5661875383995628,8.51826403825817,0.6666666666666666,0.61,Low
V039,CR214,E062,0.43841635660473505,16.428146935666945,0.6666666666666666,0.47,Low
V050,CR214,E062,0.30921731582454215,5.519964970499221,0.6666666666666666,0.34,Low
V027,CR215,E062,0.9473044100728132,6.460401616356044,0.5,0.69,High
V014,CR215,E062,0.859077491896986,8.51826403825817,0.5,0.61,High
V039,CR215,E062,0.6517044500181715,16.428146935666945,0.75,0.47,High
V047,CR215,E062,0.6095396412127354,9.912715349839534,0.5,0.43,High
V050,CR215,E062,0.4752002250956182,5.519964970499221,0.5,0.34,High
V022,CR216,E063,0.67404943864757,15.232807006099085,0.5,0.76,Low
V013,CR216,E063,0.631372315373001,4.909505815713363,0.5,0.69,Low
V015,CR216,E063,0.3655074197896409,5.499393266491974,0.5,0.39,Low
V022,CR217,E063,0.8425617983094625,15.232807006099085,0.5,0.76,Medium
V013,CR217,E063,0.7686686258488331,4.909505815713363,1,0.69,Medium
V015,CR217,E063,0.4568842747370511,5.499393266491974,0.5,0.39,Medium
V022,CR218,E063,1.011074157971355,15.232807006099085,0.5,0.76,High
V015,CR218,E063,0.5129331634655325,5.499393266491974,1,0.39,High
V049,CR224,E065,1.0424722398470339,18.808059893299024,0.6666666666666666,0.81,High
V002,CR224,E065,0.789976065349575,6.1417519801371165,1,0.58,High
V039,CR224,E065,0.6330073551801081,12.723262028950046,1,0.47,High
V049,CR225,E065,0.8687268665391948,18.808059893299024,0.6666666666666666,0.81,Medium
V016,CR225,E065,0.7917116461992798,3.7384274447334427,0.6666666666666666,0.7,Medium
V024,CR225,E065,0.7322489291764607,10.807895787478978,1,0.65,Medium
V049,CR226,E065,1.031256409138117,18.808059893299024,1,0.81,High
V024,CR226,E065,0.8970760004307617,10.807895787478978,0.6666666666666666,0.65,High
V039,CR226,E065,0.656749323386525,12.723262028950046,0.6666666666666666,0.47,High
V049,CR227,E065,0.6949814932313559,18.808059893299024,0.6666666666666666,0.81,Low
V016,CR227,E065,0.6333693169594239,3.7384274447334427,0.6666666666666666,0.7,Low
V024,CR227,E065,0.5980506669538411,10.807895787478978,0.6666666666666666,0.65,Low
V016,CR228,E065,0.6333693169594239,3.7384274447334427,0.6666666666666666,0.7,Low
V024,CR228,E065,0.5980506669538411,10.807895787478978,0.6666666666666666,0.65,Low
V037,CR229,E066,0.9196139535860947,9.228240921957436,0.6666666666666666,0.67,High
V029,CR229,E066,0.7020152222022237,17.856516513402944,0.6666666666666666,0.5,High
V034,CR229,E066,0.38287048350375175,4.0209001041343955,0.6666666666666666,0.28,High
V043,CR230,E066,0.922941249234448,12.452348512494039,0.6666666666666666,0.93,Medium
V037,CR230,E066,0.7663449613217456,9.228240921957436,0.6666666666666666,0.67,Medium
V034,CR230,E066,0.3020201148254256,4.0209001041343955,1,0.28,Medium
V037,CR231,E066,0.6014333262654907,9.228240921957436,1,0.67,Low
V029,CR231,E066,0.47571255353257674,17.856516513402944,0.5,0.5,Low
V034,CR231,E066,0.2416160918603405,4.0209001041343955,1,0.28,Low
V043,CR232,E066,0.9257244892270265,12.452348512494039,0.5,0.93,Medium
V037,CR232,E066,0.7733955234532701,9.228240921957436,0.5,0.67,Medium
V029,CR232,E066,0.5655676681040185,17.856516513402944,1,0.5,Medium
V043,CR233,E066,1.1108693870724318,12.452348512494039,0.5,0.93,High
V037,CR233,E066,0.928074628143924,9.228240921957436,0.5,0.67,High
V029,CR233,E066,0.7135688302988651,17.856516513402944,0.5,0.5,High
V034,CR233,E066,0.3933201588418076,4.0209001041343955,0.5,0.28,High
V024,CR234,E067,0.7433927818194492,8.188258959114762,0.75,0.65,Medium
V002,CR234,E067,0.6840941373150782,4.019599829727003,0.5,0.58,Medium
V024,CR235,E067,0.8920713381833391,8.188258959114762,0.75,0.65,High
V002,CR235,E067,0.8209129647780938,4.019599829727003,0.5,0.58,High
V024,CR236,E067,0.7318405897341704,8.188258959114762,1,0.65,Medium
V002,CR236,E067,0.6840941373150782,4.019599829727003,0.5,0.58,Medium
V024,CR237,E067,0.9055370121309572,8.188258959114762,0.5,0.65,High
V002,CR237,E067,0.8209129647780938,4.019599829727003,0.5,0.58,High
V002,CR238,E067,0.8105173316486517,4.019599829727003,0.6666666666666666,0.58,High
V038,CR239,E068,0.7592189621296925,15.48679444041723,0.5,1.01,Low
V022,CR239,E068,0.6731880718415322,5.046838542975226,0.5,0.76,Low
V008,CR239,E068,0.42227754556452973,14.444001989030362,1,0.47,Low
V015,CR239,E068,0.3668928606905115,11.352667227456054,0.5,0.39,Low
V035,CR239,E068,0.3258315489361516,11.356756645036999,0.75,0.36,Low
V022,CR240,E068,1.000030807301465,5.046838542975226,0.75,0.76,High
V013,CR240,E068,0.9363833751785302,13.747879031489589,0.75,0.69,High
V008,CR240,E068,0.6512349156468582,14.444001989030362,0.75,0.47,High
V035,CR240,E068,0.48874732340422744,11.356756645036999,0.75,0.36,High
V008,CR241,E069,0.42188089073715357,11.94061721691254,1,0.47,Low
V008,CR242,E069,0.5273511134214419,11.94061721691254,1,0.47,Medium
V048,CR243,E070,0.674363728848133,12.642334415666637,0.5,0.76,Low
V040,CR243,E070,0.2901054344260791,12.042279701539547,0.5,0.31,Low
V048,CR244,E070,0.8429546610601661,12.642334415666637,0.5,0.76,Medium
V040,CR244,E070,0.3489503145873117,12.042279701539547,0.75,0.31,Medium
V048,CR245,E070,0.8376139399443495,12.642334415666637,0.6666666666666666,0.76,Medium
V040,CR245,E070,0.33551329626899645,12.042279701539547,1,0.31,Medium
V040,CR246,E070,0.4241814213787992,12.042279701539547,0.6666666666666666,0.31,High
V048,CR247,E070,1.0051367279332193,12.642334415666637,0.6666666666666666,0.76,High
V040,CR247,E070,0.4026159555227957,12.042279701539547,1,0.31,High
V025,CR248,E071,0.5843660751341707,14.505598130638617,0.6666666666666666,0.5,Medium
V006,CR248,E071,0.42422829413759683,17.01672785077796,0.6666666666666666,0.37,Medium
V036,CR249,E071,0.6923322273658147,13.56618642615057,1,0.51,High
V025,CR249,E071,0.6778959519819258,14.505598130638617,1,0.5,High
V004,CR249,E071,0.6253016862357031,18.303541591596733,0.5,0.44,High
V006,CR249,E071,0.520772868587332,17.01672785077796,0.5,0.37,High
V011,CR250,E072,0.9215940950235295,1.4646849589432809,0.5,0.92,Medium
V003,CR250,E072,0.8216693470907764,15.055993557227819,0.5,0.73,Medium
V031,CR250,E072,0.43425441591517233,12.290536740791842,0.5,0.37,Medium
V011,CR251,E072,0.7372752760188237,1.4646849589432809,0.5,0.92,Low
V003,CR251,E072,0.6573354776726212,15.055993557227819,0.5,0.73,Low
V031,CR251,E072,0.3241478148190642,12.290536740791842,1,0.37,Low
V003,CR252,E072,0.8127534740788025,15.055993557227819,0.75,0.73,Medium
V031,CR252,E072,0.43425441591517233,12.290536740791842,0.5,0.37,Medium
V011,CR253,E072,0.7337363794934437,1.4646849589432809,0.75,0.92,Low
V003,CR253,E072,0.650202779263042,15.055993557227819,0.75,0.73,Low
V031,CR253,E072,0.3357199155682376,12.290536740791842,0.75,0.37,Low
V033,CR254,E073,0.5784682237753649,5.118189169588718,1,0.64,Low
V020,CR254,E073,0.4854437589855145,6.277200679836592,0.6666666666666666,0.52,Low
V025,CR254,E073,0.4677523817602149,16.186553625339528,0.6666666666666666,0.5,Low
V033,CR255,E073,0.7230852797192061,5.118189169588718,1,0.64,Medium
V025,CR255,E073,0.5652415824615757,16.186553625339528,1,0.5,Medium
V033,CR256,E073,0.7230852797192061,5.118189169588718,1,0.64,Medium
V025,CR256,E073,0.5652415824615757,16.186553625339528,1,0.5,Medium
V033,CR257,E073,0.7348780085899913,5.118189169588718,0.75,0.64,Medium
V025,CR257,E073,0.5798504660950557,16.186553625339528,0.75,0.5,Medium
V007,CR258,E074,0.7101746563320614,11.163655436651045,0.75,0.85,Low
V006,CR258,E074,0.3340637186275325,7.731370386108865,0.75,0.37,Low
V004,CR259,E074,0.4062559180936566,1.5555292052174525,0.6666666666666666,0.44,Low
V006,CR259,E074,0.32250905017196013,7.731370386108865,1,0.37,Low
V007,CR260,E074,0.7101746563320614,11.163655436651045,0.75,0.85,Low
V006,CR260,E074,0.3457326186179025,7.731370386108865,0.5,0.37,Low
V007,CR261,E074,1.057954716768021,11.163655436651045,1,0.85,High
V007,CR262,E074,0.7117491913879891,11.163655436651045,0.6666666666666666,0.85,Low
V006,CR262,E074,0.33794160117535776,7.731370386108865,0.6666666666666666,0.37,Low
V038,CR263,E075,1.1362477306590224,10.713385484704258,0.6666666666666666,1.01,High
V022,CR263,E075,1.0045789889336603,14.668370848900073,0.6666666666666666,0.76,High
V038,CR264,E075,1.1386078584494934,10.713385484704258,0.5,1.01,High
V022,CR264,E075,1.0110027486177207,14.668370848900073,0.5,0.76,High
V035,CR264,E075,0.5050457453946697,8.242825752332287,0.5,0.36,High
V038,CR265,E075,0.9458631558686587,10.713385484704258,0.75,1.01,Medium
V013,CR265,E075,0.790885785869931,17.582235689398185,0.5,0.69,Medium
V022,CR266,E075,1.0013017098530628,14.668370848900073,0.75,0.76,High
V013,CR266,E075,0.9490629430439171,17.582235689398185,0.5,0.69,High
V035,CR266,E075,0.5050457453946697,8.242825752332287,0.5,0.36,High
V022,CR267,E075,1.0110027486177207,14.668370848900073,0.5,0.76,High
V013,CR267,E075,0.9490629430439171,17.582235689398185,0.5,0.69,High
V035,CR267,E075,0.5050457453946697,8.242825752332287,0.5,0.36,High
V049,CR268,E076,1.0462695551060144,4.008066232209285,0.5,0.81,High
V049,CR269,E076,0.697513036737343,4.008066232209285,0.5,0.81,Low
V049,CR270,E076,0.8718912959216787,4.008066232209285,0.5,0.81,Medium
V049,CR272,E076,0.697513036737343,4.008066232209285,0.5,0.81,Low
V036,CR273,E077,0.4732923896274027,14.462397650647805,0.75,0.51,Low
V036,CR274,E077,0.6059559556120132,14.462397650647805,0.5,0.51,Medium
V025,CR274,E077,0.5787058192969757,10.276259718038299,0.75,0.5,Medium
V025,CR275,E077,0.4512696447908983,10.276259718038299,1,0.5,Low
V036,CR276,E077,0.6059559556120132,14.462397650647805,0.5,0.51,Medium
V025,CR276,E077,0.5787058192969757,10.276259718038299,0.75,0.5,Medium
V043,CR277,E078,0.7386663639422444,19.399349718308745,0.6666666666666666,0.93,Low
V022,CR277,E078,0.6699961864545442,17.86557099561764,0.6666666666666666,0.76,Low
V043,CR278,E078,0.9261031798974928,19.399349718308745,0.5,0.93,Medium
V022,CR278,E078,0.826369482767424,17.86557099561764,1,0.76,Medium
V029,CR278,E078,0.5650926867913239,15.424119379726873,1,0.5,Medium
V043,CR279,E078,1.106294884669843,19.399349718308745,0.75,0.93,High
V022,CR279,E078,1.0017225905502232,17.86557099561764,0.75,0.76,High
V013,CR279,E078,0.9482761895840547,12.59936374093669,0.5,0.69,High
V029,CR279,E078,0.695643424081007,15.424119379726873,0.75,0.5,High
V022,CR280,E078,0.9916433793209087,17.86557099561764,1,0.76,High
V029,CR280,E078,0.7014520159252706,15.424119379726873,0.6666666666666666,0.5,High
V043,CR281,E078,0.7375299231132288,19.399349718308745,0.75,0.93,Low
V022,CR281,E078,0.6742713006441495,17.86557099561764,0.5,0.76,Low
V029,CR281,E078,0.4637622827206713,15.424119379726873,0.75,0.5,Low
V003,CR282,E079,0.82118350740332835,10.88800099807394,0.5,0.73,Medium
V025,CR282,E079,0.5945834205086903,17.55752910630489,0.5,0.5,Medium
V003,CR283,E079,0.9746986734021661,10.88800099807394,0.75,0.73,High
V046,CR283,E079,0.8847873002120289,12.540599434062763,0.5,0.63,High
V025,CR283,E079,0.6961390329056371,17.55752910630489,0.75,0.5,High
V012,CR283,E079,0.4591516118900263,8.40635015258179,0.75,0.34,High
V041,CR283,E079,0.43493430374931447,11.365118629739566,0.5,0.31,High
V003,CR284,E079,0.8152646600203359,10.88800099807394,0.6666666666666666,0.73,Medium
V046,CR284,E079,0.7295423147934608,12.540599434062763,0.6666666666666666,0.63,Medium
V012,CR284,E079,0.3686267945897683,8.40635015258179,1,0.34,Medium
V041,CR284,E079,0.3353333669191176,11.365118629739566,1,0.31,Medium
V038,CR285,E079,0.9491382386702063,18.469280464489266,0.5,1.01,Medium
V003,CR285,E079,0.8029749701110518,10.88800099807394,1,0.73,Medium
V025,CR285,E079,0.5945834205086903,17.55752910630489,0.5,0.5,Medium
V012,CR285,E079,0.3826263432416886,8.40635015258179,0.75,0.34,Medium
V041,CR285,E079,0.3353333669191176,11.365118629739566,1,0.31,Medium
V038,CR286,E079,0.759310590936165,18.469280464489266,0.5,1.01,Low
V003,CR286,E079,0.6569468059226627,10.88800099807394,0.5,0.73,Low
V046,CR286,E079,0.5898582001413527,12.540599434062763,0.5,0.63,Low
V025,CR286,E079,0.47566673640695223,17.55752910630489,0.5,0.5,Low
V012,CR286,E079,0.3174587218805398,8.40635015258179,0.5,0.34,Low
V038,CR287,E080,0.7593056234314373,18.307427025867877,0.5,1.01,Low
V020,CR287,E080,0.49497461548540334,19.38096366552564,0.5,0.52,Low
V029,CR287,E080,0.45238146909610627,17.391316250251094,1,0.5,Low
V043,CR288,E080,1.1111851892545292,17.276654258756498,0.5,0.93,High
V020,CR288,E080,0.7424619232281049,19.38096366552564,0.5,0.52,High
V029,CR288,E080,0.6785722036441594,17.391316250251094,1,0.5,High
V038,CR289,E080,0.7544389300735894,18.307427025867877,1,1.01,Low
V020,CR289,E080,0.49497461548540334,19.38096366552564,0.5,0.52,Low
V029,CR289,E080,0.45238146909610627,17.391316250251094,1,0.5,Low
V043,CR290,E080,0.7407901261696863,17.276654258756498,0.5,0.93,Low
V020,CR290,E080,0.49497461548540334,19.38096366552564,0.5,0.52,Low
V029,CR290,E080,0.45238146909610627,17.391316250251094,1,0.5,Low
V043,CR291,E080,1.100852844291605,17.276654258756498,1,0.93,High
V029,CR291,E080,0.6785722036441594,17.391316250251094,1,0.5,High
V022,CR292,E081,0.6610346236486689,17.19735442893933,1,0.76,Low
V008,CR292,E081,0.42106266779474705,6.77746876716162,1,0.47,Low
V022,CR293,E081,0.8346955711680362,17.19735442893933,0.75,0.76,Medium
V008,CR293,E081,0.5263283347434338,6.77746876716162,1,0.47,Medium
V022,CR294,E081,0.8262932795608361,17.19735442893933,1,0.76,Medium
V008,CR294,E081,0.5559656460839716,6.77746876716162,0.5,0.47,Medium
V022,CR295,E081,0.8427687755236785,17.19735442893933,0.5,0.76,Medium
V008,CR295,E081,0.5263283347434338,6.77746876716162,1,0.47,Medium
V022,CR296,E081,0.8427687755236785,17.19735442893933,0.5,0.76,Medium
V008,CR296,E081,0.5559656460839716,6.77746876716162,0.5,0.47,Medium
V011,CR297,E082,1.1025963537703753,4.172296471505527,0.6666666666666666,0.92,High
V003,CR297,E082,0.9647557264792336,18.762748032116562,1,0.73,High
V031,CR297,E082,0.5076952549411506,7.396987450481925,0.6666666666666666,0.37,High
V003,CR298,E082,0.6529642137181271,18.762748032116562,0.6666666666666666,0.73,Low
V031,CR298,E082,0.3230237807708864,7.396987450481925,1,0.37,Low
V003,CR299,E082,0.8162052671476588,18.762748032116562,0.6666666666666666,0.73,Medium
V031,CR299,E082,0.42307937911762555,7.396987450481925,0.6666666666666666,0.37,Medium
V003,CR300,E082,0.8039631053993613,18.762748032116562,1,0.73,Medium
V031,CR300,E082,0.42307937911762555,7.396987450481925,0.6666666666666666,0.37,Medium
V045,CR302,E083,0.63018274101965,12.107788313244605,0.5,0.53,Medium
V045,CR303,E083,0.7450328072973792,12.107788313244605,0.6666666666666666,0.53,High
V011,CR304,E084,0.73807268561965,18.925424804081437,0.5,0.92,Low
V003,CR304,E084,0.6493009017538903,5.755595869142412,0.75,0.73,Low
V008,CR304,E084,0.4337852265816953,12.090273325269143,0.75,0.47,Low
V012,CR304,E084,0.3068612452947988,11.779394791619067,0.75,0.34,Low
V011,CR305,E084,0.9197003796268182,18.925424804081437,0.6666666666666666,0.92,Medium
V003,CR305,E084,0.8023289275378918,5.755595869142412,1,0.73,Medium
V008,CR305,E084,0.5471664723854185,12.090273325269143,0.6666666666666666,0.47,Medium
V012,CR305,E084,0.3882923463100177,11.779394791619067,0.6666666666666666,0.34,Medium
V043,CR306,E085,0.9213516694451765,9.629623254512158,0.75,0.93,Medium
V029,CR306,E085,0.5787349781322818,10.426764581608346,0.75,0.5,Medium
V028,CR306,E085,0.5706508826012219,6.3885490381319965,0.5,0.48,Medium
V043,CR307,E085,1.1106841310159472,9.629623254512158,0.5,0.93,High
V028,CR307,E085,0.6847810591214663,6.3885490381319965,0.5,0.48,High
V029,CR307,E085,0.6769397574390149,10.426764581608346,1,0.5,High
V043,CR308,E085,1.105622003334212,9.629623254512158,0.75,0.93,High
V029,CR308,E085,0.6944819737587381,10.426764581608346,0.75,0.5,High
V028,CR308,E085,0.6671604899185362,6.3885490381319965,0.75,0.48,High
V005,CR309,E086,0.7506215020533209,3.7975723543007014,0.5,0.97,Low
V049,CR309,E086,0.6865242062433438,6.097109659990018,1,0.81,Low
V027,CR309,E086,0.6246028244647261,16.93651698963956,0.75,0.69,Low
V049,CR310,E086,0.867570662809833,6.097109659990018,0.6666666666666666,0.81,Medium
V027,CR310,E086,0.7841407480667987,16.93651698963956,0.6666666666666666,0.69,Medium
V046,CR312,E087,0.7290159302949629,10.303856933911103,0.6666666666666666,0.63,Medium
V006,CR312,E087,0.42411875260836424,16.452358789715788,0.6666666666666666,0.37,Medium
V006,CR313,E087,0.42411875260836424,16.452358789715788,0.6666666666666666,0.37,Medium
V046,CR314,E087,0.5894448364048054,10.303856933911103,0.5,0.63,Low
V046,CR315,E087,0.7290159302949629,10.303856933911103,0.6666666666666666,0.63,Medium
V006,CR315,E087,0.42411875260836424,16.452358789715788,0.6666666666666666,0.37,Medium
V022,CR318,E089,0.989368640482623,1.311407377949175,1,0.76,High
V013,CR318,E089,0.9478897926460397,10.156322900815407,0.5,0.69,High
V008,CR318,E089,0.6522154355314606,18.587761401436456,0.75,0.47,High
V015,CR318,E089,0.5493531696173669,8.575623452265265,0.5,0.39,High
V035,CR318,E089,0.5047005802906728,7.252700529984878,0.5,0.36,High
V038,CR319,E089,0.9469900450335865,13.641673314746958,0.6666666666666666,1.01,Medium
V022,CR319,E089,0.8356969326041614,1.311407377949175,0.6666666666666666,0.76,Medium
V008,CR319,E089,0.5286675206958246,18.587761401436456,1,0.47,Medium
V015,CR319,E089,0.44793358741149913,8.575623452265265,0.6666666666666666,0.39,Medium
V035,CR319,E089,0.41091716985771365,7.252700529984878,0.6666666666666666,0.36,Medium
V022,CR320,E089,0.832946372302121,1.311407377949175,0.75,0.76,Medium
V013,CR320,E089,0.7899081605383664,10.156322900815407,0.5,0.69,Medium
V008,CR320,E089,0.5582813038076953,18.587761401436456,0.5,0.47,Medium
V015,CR320,E089,0.4430180477695883,8.575623452265265,0.75,0.39,Medium
V020,CR321,E090,0.7304131035304158,16.163654067133745,0.6666666666666666,0.52,High
V025,CR321,E090,0.6758348277481537,5.715581433118249,1,0.5,High
V025,CR322,E090,0.5826685338687492,5.715581433118249,0.6666666666666666,0.5,Medium
V036,CR322,E090,0.5770157833342852,13.938748778851444,1,0.51,Medium
V041,CR322,E090,0.3531359427663469,10.762390296221444,0.6666666666666666,0.31,Medium
V020,CR323,E090,0.7304131035304158,16.163654067133745,0.6666666666666666,0.52,High
V025,CR323,E090,0.6758348277481537,5.715581433118249,1,0.5,High
V041,CR323,E090,0.4237631313196163,10.762390296221444,0.6666666666666666,0.31,High
V027,CR324,E091,0.6317454736896041,8.440856915796763,0.5,0.69,Low
V014,CR324,E091,0.572885370202153,9.810455199545244,0.5,0.61,Low
V039,CR324,E091,0.4332651722871065,8.794936161064284,0.75,0.47,Low
V006,CR324,E091,0.3468548637312068,14.922186640358259,0.5,0.37,Low
V039,CR325,E091,0.4213824046224812,8.794936161064284,1,0.47,Low
V009,CR327,E092,0.714091787655345,2.490684615443325,0.6666666666666666,0.51,High
V045,CR328,E092,0.5019657994191714,2.3114503797019785,0.5,0.53,Low
V009,CR328,E092,0.4837030460973097,2.490684615443325,0.5,0.51,Low
V045,CR329,E092,0.7417297350024448,2.3114503797019785,0.6666666666666666,0.53,High
V009,CR330,E092,0.5950764897127875,2.490684615443325,0.6666666666666666,0.51,Medium
V020,CR331,E093,0.7279092114757881,5.15025411059941,0.6666666666666666,0.52,High
V036,CR331,E093,0.7162491486478233,16.867676633471845,0.6666666666666666,0.51,High
V025,CR331,E093,0.6991221475056658,5.37018242057102,0.6666666666666666,0.5,High
V041,CR331,E093,0.4244489916006791,12.860694522330524,0.6666666666666666,0.31,High
V030,CR332,E093,0.8333400576263381,5.506474582618319,0.75,0.6,High
V036,CR332,E093,0.7104926481982192,16.867676633471845,0.75,0.51,High
V041,CR332,E093,0.41900636921462847,12.860694522330524,0.75,0.31,High
V038,CR337,E095,0.948558100438051,3.4275575477008826,0.5,1.01,Medium
V022,CR337,E095,0.8253774095550682,9.184250744850202,1,0.76,Medium
V013,CR337,E095,0.791068337688816,18.971701714263133,0.5,0.69,Medium
V008,CR337,E095,0.5285424832660923,17.95630497941008,1,0.47,Medium
V035,CR337,E095,0.42053388213189147,7.0807928305624515,0.5,0.36,Medium
V022,CR338,E095,0.8338150924190872,9.184250744850202,0.75,0.76,Medium
V013,CR338,E095,0.791068337688816,18.971701714263133,0.5,0.69,Medium
V008,CR338,E095,0.5581575566138285,17.95630497941008,0.5,0.47,Medium
V022,CR339,E095,0.8253774095550682,9.184250744850202,1,0.76,Medium
V008,CR339,E095,0.5483212187658718,17.95630497941008,0.6666666666666666,0.47,Medium
V020,CR340,E096,0.7273302590908015,2.6066618030040583,0.6666666666666666,0.52,High
V025,CR340,E096,0.6769736350646538,10.571247085210171,1,0.5,High
V036,CR341,E096,0.47763312734230007,17.741754937808615,0.6666666666666666,0.51,Low
V025,CR341,E096,0.4513157567097692,10.571247085210171,1,0.5,Low
V031,CR342,E097,0.48499761078020087,8.738251620862927,1,0.37,High
V011,CR343,E097,1.1060376992978214,3.2767628139874594,0.5,0.92,High
V031,CR343,E097,0.5198573277280407,8.738251620862927,0.5,0.37,High
V011,CR344,E097,1.1060376992978214,3.2767628139874594,0.5,0.92,High
V031,CR344,E097,0.5198573277280407,8.738251620862927,0.5,0.37,High
V031,CR345,E097,0.41861901402422513,8.738251620862927,0.75,0.37,Medium
V048,CR349,E099,0.6611727731094814,12.474637617246229,1,0.76,Low
V040,CR349,E099,0.28296451211792073,12.853894717285693,0.6666666666666666,0.31,Low
V040,CR350,E099,0.2685832116045605,12.853894717285693,1,0.31,Low
V048,CR351,E099,1.0051040992427882,12.474637617246229,0.6666666666666666,0.76,High
V040,CR351,E099,0.40287481740684067,12.853894717285693,1,0.31,High
V024,CR352,E100,0.7472995107432941,9.049237295594109,0.6666666666666666,0.65,Medium
V049,CR353,E100,1.0310858718619758,17.328805914347953,1,0.81,High
V024,CR353,E100,0.8783698073033226,9.049237295594109,1,0.65,High
