id,request_id,elderly_id,requested_volunteers,status,modified_at
ER001,CR001,E001,,completed,2025-04-16 01:56:01
ER002,CR002,E001,,completed,2025-04-15 09:58:40
ER003,CR003,E001,,pending,2025-04-16 10:56:22
ER004,CR004,E002,,pending,2025-04-15 13:57:55
ER005,CR005,E002,,completed,2025-04-15 04:58:21
ER006,CR006,E002,"V042,V011",completed,2025-04-17 04:55:14
ER007,CR007,E002,"V048,V010",completed,2025-04-17 00:55:19
ER008,CR008,E002,,completed,2025-04-15 23:55:45
ER009,CR009,E003,"V049,V008",pending,2025-04-16 21:56:11
ER010,CR010,E003,,completed,2025-04-15 13:57:15
ER011,CR011,E003,,pending,2025-04-16 03:57:12
ER012,CR012,E004,,completed,2025-04-16 08:57:31
ER013,CR013,E004,,completed,2025-04-16 10:55:49
ER014,CR014,E005,,pending,2025-04-15 20:55:45
ER015,CR015,E005,"V004,V016",completed,2025-04-17 11:56:17
ER016,CR016,E005,"V041,V039",completed,2025-04-15 05:58:45
ER017,CR017,E005,,completed,2025-04-16 18:55:59
ER018,CR018,E006,"V037,V027",completed,2025-04-16 18:53:12
ER019,CR019,E006,"V031,V050",completed,2025-04-15 05:54:44
ER020,CR020,E007,"V017,V014",pending,2025-04-15 01:55:59
ER021,CR021,E007,,completed,2025-04-16 22:56:04
ER022,CR022,E007,,completed,2025-04-17 12:56:55
ER023,CR023,E007,,completed,2025-04-16 23:57:45
ER024,CR024,E007,,pending,2025-04-15 15:57:17
ER025,CR025,E008,,pending,2025-04-17 13:55:08
ER026,CR026,E008,,completed,2025-04-15 15:58:23
ER027,CR027,E008,,completed,2025-04-15 04:57:24
ER028,CR028,E008,,completed,2025-04-16 02:57:37
ER029,CR029,E009,"V028,V008",pending,2025-04-17 06:53:15
ER030,CR030,E009,"V043,V048",completed,2025-04-15 18:53:54
ER031,CR031,E010,,pending,2025-04-14 21:53:28
ER032,CR032,E010,,pending,2025-04-17 14:55:04
ER033,CR033,E010,,completed,2025-04-16 05:57:34
ER034,CR034,E010,"V050,V018",pending,2025-04-15 11:56:47
ER035,CR035,E010,"V028,V018",completed,2025-04-17 15:58:08
ER036,CR036,E011,,pending,2025-04-15 05:56:46
ER037,CR037,E011,,completed,2025-04-15 03:56:30
ER038,CR038,E011,,completed,2025-04-16 19:58:46
ER039,CR039,E011,,pending,2025-04-15 10:54:08
ER040,CR040,E012,,pending,2025-04-15 01:59:02
ER041,CR041,E012,"V003,V031",completed,2025-04-16 18:53:57
ER042,CR042,E012,"V003,V036",completed,2025-04-17 01:58:58
ER043,CR043,E012,"V047,V021",pending,2025-04-16 06:53:52
ER044,CR044,E012,,completed,2025-04-15 11:56:12
ER045,CR045,E013,,completed,2025-04-15 18:56:01
ER046,CR046,E013,,pending,2025-04-15 01:56:58
ER047,CR047,E013,"V030,V019",completed,2025-04-16 11:56:21
ER048,CR048,E013,,completed,2025-04-14 21:58:31
ER049,CR049,E014,"V020,V048",completed,2025-04-16 03:53:59
ER050,CR050,E014,,completed,2025-04-17 11:55:49
ER051,CR051,E015,,completed,2025-04-17 17:54:23
ER052,CR052,E015,"V001,V027",completed,2025-04-14 23:56:28
ER053,CR053,E016,,pending,2025-04-14 21:59:04
ER054,CR054,E016,"V043,V025",completed,2025-04-16 11:55:02
ER055,CR055,E016,,pending,2025-04-16 02:56:55
ER056,CR056,E017,,completed,2025-04-15 14:59:05
ER057,CR057,E017,"V015,V034",completed,2025-04-17 00:55:45
ER058,CR058,E017,,completed,2025-04-15 06:55:10
ER059,CR059,E018,,completed,2025-04-16 22:54:50
ER060,CR060,E018,,pending,2025-04-17 03:57:28
ER061,CR061,E018,"V019,V017",completed,2025-04-16 12:57:26
ER062,CR062,E018,,completed,2025-04-16 13:56:47
ER063,CR063,E019,"V005,V013",completed,2025-04-15 13:58:22
ER064,CR064,E019,,completed,2025-04-15 15:54:15
ER065,CR065,E019,,pending,2025-04-16 12:57:57
ER066,CR066,E019,,completed,2025-04-15 22:58:49
ER067,CR067,E020,,completed,2025-04-15 11:57:14
ER068,CR068,E020,,pending,2025-04-16 10:55:44
ER069,CR069,E020,,completed,2025-04-15 01:56:41
ER070,CR070,E020,,pending,2025-04-15 14:53:21
ER071,CR071,E021,"V023,V026",pending,2025-04-17 13:55:39
ER072,CR072,E021,"V012,V002",pending,2025-04-16 23:55:52
ER073,CR073,E021,,completed,2025-04-17 18:53:48
ER074,CR074,E021,,pending,2025-04-15 13:57:37
ER075,CR075,E022,"V050,V015",pending,2025-04-15 12:57:32
ER076,CR076,E022,,pending,2025-04-15 06:54:55
ER077,CR077,E023,"V005,V002",completed,2025-04-15 04:57:38
ER078,CR078,E023,,pending,2025-04-15 12:55:15
ER079,CR079,E023,,pending,2025-04-16 14:54:39
ER080,CR080,E024,,pending,2025-04-15 02:54:42
ER081,CR081,E024,,pending,2025-04-16 22:53:26
ER082,CR082,E025,,completed,2025-04-17 02:58:25
ER083,CR083,E025,"V012,V018",pending,2025-04-16 07:53:45
ER084,CR084,E026,"V040,V016",completed,2025-04-16 09:55:05
ER085,CR085,E026,,completed,2025-04-17 09:58:13
ER086,CR086,E027,"V009,V027",pending,2025-04-15 21:53:36
ER087,CR087,E027,,completed,2025-04-16 03:54:36
ER088,CR088,E027,,completed,2025-04-14 22:53:14
ER089,CR089,E027,,completed,2025-04-16 17:55:09
ER090,CR090,E028,,completed,2025-04-16 16:58:53
ER091,CR091,E028,,completed,2025-04-16 21:57:21
ER092,CR092,E029,"V039,V015",pending,2025-04-14 23:58:12
ER093,CR093,E029,,completed,2025-04-15 03:54:53
ER094,CR094,E029,,completed,2025-04-16 17:58:14
ER095,CR095,E029,,completed,2025-04-15 16:55:25
ER096,CR096,E029,,pending,2025-04-16 06:54:40
ER097,CR097,E030,,completed,2025-04-15 03:55:33
ER098,CR098,E030,,completed,2025-04-16 21:53:17
ER099,CR099,E030,,completed,2025-04-15 18:55:12
ER100,CR100,E030,,pending,2025-04-16 17:54:52
ER101,CR101,E030,"V045,V023",completed,2025-04-15 14:57:51
ER102,CR102,E031,"V032,V035",completed,2025-04-16 11:56:05
ER103,CR103,E031,"V004,V015",pending,2025-04-16 00:53:58
ER104,CR104,E032,,pending,2025-04-16 14:57:17
ER105,CR105,E032,"V009,V022",completed,2025-04-15 18:54:26
ER106,CR106,E032,,completed,2025-04-16 13:54:04
ER107,CR107,E032,"V046,V010",pending,2025-04-15 10:57:32
ER108,CR108,E033,,completed,2025-04-15 05:58:35
ER109,CR109,E033,,completed,2025-04-16 22:56:25
ER110,CR110,E033,,completed,2025-04-16 13:57:22
ER111,CR111,E033,"V028,V041",pending,2025-04-17 10:53:43
ER112,CR112,E033,"V036,V045",completed,2025-04-16 17:54:08
ER113,CR113,E034,,pending,2025-04-15 18:53:10
ER114,CR114,E034,,completed,2025-04-16 09:53:32
ER115,CR115,E035,,pending,2025-04-16 22:58:24
ER116,CR116,E035,,completed,2025-04-15 00:54:00
ER117,CR117,E036,,pending,2025-04-16 00:58:33
ER118,CR118,E036,"V032,V010",completed,2025-04-16 14:58:55
ER119,CR119,E036,"V021,V011",completed,2025-04-15 07:56:18
ER120,CR120,E036,,completed,2025-04-16 14:58:25
ER121,CR121,E036,"V016,V045",completed,2025-04-15 04:54:08
ER122,CR122,E037,,completed,2025-04-14 20:56:18
ER123,CR123,E037,,pending,2025-04-17 01:55:26
ER124,CR124,E038,,completed,2025-04-17 11:57:59
ER125,CR125,E038,,completed,2025-04-16 20:58:06
ER126,CR126,E038,,pending,2025-04-16 00:57:09
ER127,CR127,E038,"V003,V019",pending,2025-04-14 22:55:10
ER128,CR128,E039,,completed,2025-04-15 05:57:39
ER129,CR129,E039,,completed,2025-04-15 16:54:37
ER130,CR130,E039,,completed,2025-04-15 07:53:31
ER131,CR131,E039,,completed,2025-04-17 09:54:17
ER132,CR132,E040,,completed,2025-04-15 17:55:58
ER133,CR133,E040,,completed,2025-04-15 02:53:47
ER134,CR134,E040,"V013,V027",pending,2025-04-17 18:53:30
ER135,CR135,E040,,completed,2025-04-16 05:57:01
ER136,CR136,E040,"V007,V004",completed,2025-04-16 22:55:33
ER137,CR137,E041,,completed,2025-04-15 15:55:13
ER138,CR138,E041,"V006,V019",pending,2025-04-17 09:54:59
ER139,CR139,E041,"V011,V041",pending,2025-04-16 09:55:31
ER140,CR140,E041,,completed,2025-04-15 10:54:24
ER141,CR141,E041,,completed,2025-04-17 10:53:19
ER142,CR142,E042,"V042,V035",completed,2025-04-16 21:54:16
ER143,CR143,E042,,pending,2025-04-16 19:57:52
ER144,CR144,E043,"V029,V030",pending,2025-04-16 05:53:31
ER145,CR145,E043,"V004,V010",pending,2025-04-15 08:55:37
ER146,CR146,E043,,pending,2025-04-17 17:58:31
ER147,CR147,E043,,completed,2025-04-16 01:53:11
ER148,CR148,E043,,completed,2025-04-17 14:53:28
ER149,CR149,E044,,completed,2025-04-17 08:56:06
ER150,CR150,E044,"V020,V006",completed,2025-04-16 22:57:09
ER151,CR151,E045,,completed,2025-04-17 12:53:14
ER152,CR152,E045,,completed,2025-04-15 14:54:11
ER153,CR153,E046,,pending,2025-04-15 18:58:28
ER154,CR154,E046,"V014,V013",completed,2025-04-15 12:58:32
ER155,CR155,E046,"V044,V028",pending,2025-04-15 21:56:52
ER156,CR156,E046,,completed,2025-04-16 05:56:06
ER157,CR157,E046,,completed,2025-04-15 04:54:38
ER158,CR158,E047,,pending,2025-04-17 18:57:43
ER159,CR159,E047,"V030,V001",completed,2025-04-17 14:57:32
ER160,CR160,E047,"V010,V037",completed,2025-04-15 08:54:28
ER161,CR161,E047,,completed,2025-04-15 08:57:52
ER162,CR162,E048,,completed,2025-04-16 16:58:09
ER163,CR163,E048,"V042,V032",completed,2025-04-17 08:55:55
ER164,CR164,E048,"V010,V040",pending,2025-04-16 23:55:12
ER165,CR165,E048,,pending,2025-04-16 14:58:50
ER166,CR166,E049,"V031,V018",completed,2025-04-16 19:57:07
ER167,CR167,E049,,pending,2025-04-16 10:56:39
ER168,CR168,E050,,completed,2025-04-15 08:55:24
ER169,CR169,E050,"V020,V048",completed,2025-04-17 04:55:38
ER170,CR170,E050,,completed,2025-04-17 01:55:10
ER171,CR171,E050,"V029,V014",completed,2025-04-17 00:54:29
ER172,CR172,E050,,completed,2025-04-16 19:58:15
ER173,CR173,E051,,completed,2025-04-15 16:54:23
ER174,CR174,E051,,pending,2025-04-16 23:54:37
ER175,CR175,E052,,pending,2025-04-14 23:54:52
ER176,CR176,E052,,pending,2025-04-15 21:53:43
ER177,CR177,E052,"V030,V004",completed,2025-04-16 18:58:10
ER178,CR178,E052,"V030,V033",completed,2025-04-16 22:53:54
ER179,CR179,E052,"V002,V016",completed,2025-04-16 19:57:25
ER180,CR180,E053,,completed,2025-04-17 08:56:15
ER181,CR181,E053,,completed,2025-04-15 16:55:58
ER182,CR182,E053,"V045,V006",completed,2025-04-16 08:54:07
ER183,CR183,E053,"V037,V050",pending,2025-04-15 23:56:42
ER184,CR184,E054,,completed,2025-04-15 22:53:35
ER185,CR185,E054,,pending,2025-04-14 22:53:27
ER186,CR186,E054,,completed,2025-04-14 21:57:17
ER187,CR187,E054,"V012,V039",completed,2025-04-14 21:55:34
ER188,CR188,E054,,pending,2025-04-16 11:58:50
ER189,CR189,E055,,completed,2025-04-16 07:58:43
ER190,CR190,E055,,completed,2025-04-16 16:58:54
ER191,CR191,E055,"V020,V044",completed,2025-04-17 14:54:34
ER192,CR192,E055,,completed,2025-04-15 09:54:23
ER193,CR193,E055,,pending,2025-04-16 19:54:43
ER194,CR194,E056,,completed,2025-04-16 08:54:32
ER195,CR195,E056,"V005,V022",pending,2025-04-16 07:55:41
ER196,CR196,E057,,completed,2025-04-16 05:55:03
ER197,CR197,E057,,completed,2025-04-16 10:54:08
ER198,CR198,E057,,pending,2025-04-16 02:57:53
ER199,CR199,E058,,completed,2025-04-16 23:53:36
ER200,CR200,E058,,completed,2025-04-14 23:57:45
ER201,CR201,E059,,completed,2025-04-16 05:58:22
ER202,CR202,E059,,completed,2025-04-15 00:57:33
ER203,CR203,E059,,completed,2025-04-15 20:57:35
ER204,CR204,E059,,completed,2025-04-17 16:57:36
ER205,CR205,E060,,completed,2025-04-16 17:55:01
ER206,CR206,E060,,completed,2025-04-17 19:53:44
ER207,CR207,E060,"V009,V048",pending,2025-04-16 05:54:58
ER208,CR208,E060,,completed,2025-04-15 19:55:16
ER209,CR209,E060,,completed,2025-04-15 07:57:11
ER210,CR210,E061,"V020,V027",pending,2025-04-16 14:55:55
ER211,CR211,E061,,completed,2025-04-17 07:53:45
ER212,CR212,E061,,completed,2025-04-15 05:56:30
ER213,CR213,E061,"V008,V044",completed,2025-04-16 20:55:00
ER214,CR214,E062,,completed,2025-04-15 15:55:05
ER215,CR215,E062,"V027,V037",pending,2025-04-17 06:56:36
ER216,CR216,E063,,pending,2025-04-15 19:55:52
ER217,CR217,E063,,completed,2025-04-15 18:58:50
ER218,CR218,E063,"V029,V018",completed,2025-04-15 22:54:30
ER219,CR219,E064,"V049,V011",completed,2025-04-17 10:55:22
ER220,CR220,E064,,completed,2025-04-15 12:54:06
ER221,CR221,E064,,completed,2025-04-16 23:56:45
ER222,CR222,E064,,completed,2025-04-14 20:53:14
ER223,CR223,E064,"V024,V001",pending,2025-04-16 13:55:54
ER224,CR224,E065,,completed,2025-04-14 22:57:17
ER225,CR225,E065,,completed,2025-04-16 03:56:29
ER226,CR226,E065,,pending,2025-04-16 11:58:43
ER227,CR227,E065,,pending,2025-04-16 11:55:06
ER228,CR228,E065,,pending,2025-04-16 10:54:31
ER229,CR229,E066,,completed,2025-04-17 14:54:21
ER230,CR230,E066,,completed,2025-04-15 13:55:12
ER231,CR231,E066,,completed,2025-04-16 17:56:10
ER232,CR232,E066,"V026,V002",completed,2025-04-16 01:54:04
ER233,CR233,E066,,pending,2025-04-15 23:54:57
ER234,CR234,E067,,completed,2025-04-15 17:55:23
ER235,CR235,E067,,pending,2025-04-15 00:59:04
ER236,CR236,E067,,completed,2025-04-17 16:55:47
ER237,CR237,E067,,completed,2025-04-15 02:55:21
ER238,CR238,E067,,completed,2025-04-14 22:55:20
ER239,CR239,E068,"V029,V025",pending,2025-04-15 11:58:28
ER240,CR240,E068,,completed,2025-04-15 15:57:02
ER241,CR241,E069,,pending,2025-04-14 21:55:12
ER242,CR242,E069,,completed,2025-04-17 14:55:58
ER243,CR243,E070,,pending,2025-04-15 13:58:52
ER244,CR244,E070,,completed,2025-04-17 13:56:27
ER245,CR245,E070,"V008,V007",completed,2025-04-17 11:56:14
ER246,CR246,E070,"V017,V034",pending,2025-04-15 21:56:57
ER247,CR247,E070,,completed,2025-04-15 16:53:46
ER248,CR248,E071,,pending,2025-04-15 22:54:09
ER249,CR249,E071,,completed,2025-04-16 02:54:19
ER250,CR250,E072,,pending,2025-04-15 10:59:05
ER251,CR251,E072,,completed,2025-04-15 15:55:10
ER252,CR252,E072,,completed,2025-04-15 05:57:33
ER253,CR253,E072,"V017,V042",completed,2025-04-16 01:59:02
ER254,CR254,E073,,completed,2025-04-16 05:57:28
ER255,CR255,E073,"V012,V003",completed,2025-04-16 09:56:09
ER256,CR256,E073,,completed,2025-04-17 02:58:55
ER257,CR257,E073,"V049,V003",completed,2025-04-14 21:53:23
ER258,CR258,E074,,completed,2025-04-15 17:53:43
ER259,CR259,E074,,completed,2025-04-16 06:55:10
ER260,CR260,E074,"V022,V012",completed,2025-04-15 10:57:56
ER261,CR261,E074,,completed,2025-04-16 06:58:46
ER262,CR262,E074,,completed,2025-04-17 09:53:53
ER263,CR263,E075,,completed,2025-04-15 17:55:39
ER264,CR264,E075,,pending,2025-04-15 03:58:52
ER265,CR265,E075,,completed,2025-04-15 09:56:45
ER266,CR266,E075,,completed,2025-04-17 04:56:25
ER267,CR267,E075,,pending,2025-04-16 17:58:12
ER268,CR268,E076,,completed,2025-04-15 12:55:33
ER269,CR269,E076,,completed,2025-04-17 00:55:49
ER270,CR270,E076,"V042,V021",completed,2025-04-14 21:57:58
ER271,CR271,E076,,completed,2025-04-16 00:56:42
ER272,CR272,E076,,completed,2025-04-16 15:53:11
ER273,CR273,E077,,completed,2025-04-15 08:53:29
ER274,CR274,E077,,completed,2025-04-17 09:53:43
ER275,CR275,E077,,completed,2025-04-16 21:56:28
ER276,CR276,E077,,pending,2025-04-15 02:55:25
ER277,CR277,E078,,pending,2025-04-17 12:56:22
ER278,CR278,E078,,completed,2025-04-15 17:54:39
ER279,CR279,E078,,pending,2025-04-16 02:54:58
ER280,CR280,E078,"V033,V015",completed,2025-04-17 18:55:49
ER281,CR281,E078,,completed,2025-04-16 02:55:50
ER282,CR282,E079,,pending,2025-04-17 05:56:38
ER283,CR283,E079,,pending,2025-04-16 12:57:50
ER284,CR284,E079,,pending,2025-04-14 22:53:29
ER285,CR285,E079,,pending,2025-04-17 19:55:54
ER286,CR286,E079,,completed,2025-04-16 10:56:42
ER287,CR287,E080,,completed,2025-04-17 06:54:46
ER288,CR288,E080,,completed,2025-04-15 02:56:23
ER289,CR289,E080,,completed,2025-04-16 14:56:16
ER290,CR290,E080,,completed,2025-04-17 08:59:01
ER291,CR291,E080,,completed,2025-04-17 05:58:20
ER292,CR292,E081,,pending,2025-04-16 00:53:40
ER293,CR293,E081,,pending,2025-04-16 09:54:52
ER294,CR294,E081,,completed,2025-04-15 09:54:15
ER295,CR295,E081,"V009,V046",pending,2025-04-17 00:56:45
ER296,CR296,E081,,pending,2025-04-15 20:57:19
ER297,CR297,E082,,pending,2025-04-15 23:55:17
ER298,CR298,E082,,completed,2025-04-16 15:55:04
ER299,CR299,E082,,pending,2025-04-15 11:54:03
ER300,CR300,E082,,completed,2025-04-17 12:54:59
ER301,CR301,E083,,pending,2025-04-17 15:53:28
ER302,CR302,E083,,completed,2025-04-17 03:57:46
ER303,CR303,E083,,completed,2025-04-17 13:54:29
ER304,CR304,E084,,completed,2025-04-15 18:57:09
ER305,CR305,E084,"V025,V043",completed,2025-04-16 13:56:56
ER306,CR306,E085,,completed,2025-04-16 03:57:34
ER307,CR307,E085,,pending,2025-04-16 09:54:02
ER308,CR308,E085,"V027,V039",completed,2025-04-17 13:56:09
ER309,CR309,E086,,pending,2025-04-16 12:58:37
ER310,CR310,E086,,completed,2025-04-15 23:55:19
ER311,CR311,E087,,pending,2025-04-16 09:57:03
ER312,CR312,E087,,completed,2025-04-15 12:56:12
ER313,CR313,E087,,completed,2025-04-15 18:54:35
ER314,CR314,E087,,completed,2025-04-16 13:58:19
ER315,CR315,E087,,completed,2025-04-17 19:58:04
ER316,CR316,E088,,completed,2025-04-17 01:54:44
ER317,CR317,E088,,completed,2025-04-17 16:58:20
ER318,CR318,E089,,pending,2025-04-14 21:54:03
ER319,CR319,E089,"V010,V004",completed,2025-04-15 03:57:22
ER320,CR320,E089,,pending,2025-04-15 16:55:18
ER321,CR321,E090,,completed,2025-04-15 14:56:37
ER322,CR322,E090,,completed,2025-04-16 09:58:14
ER323,CR323,E090,,pending,2025-04-16 17:55:38
ER324,CR324,E091,"V044,V048",completed,2025-04-17 19:54:06
ER325,CR325,E091,,completed,2025-04-17 19:53:28
ER326,CR326,E092,,completed,2025-04-16 08:53:40
ER327,CR327,E092,"V025,V027",completed,2025-04-16 12:59:00
ER328,CR328,E092,"V048,V017",completed,2025-04-15 21:58:20
ER329,CR329,E092,,completed,2025-04-17 04:56:55
ER330,CR330,E092,,completed,2025-04-16 19:57:16
ER331,CR331,E093,,completed,2025-04-15 21:54:26
ER332,CR332,E093,,completed,2025-04-16 09:55:01
ER333,CR333,E094,,completed,2025-04-15 05:58:07
ER334,CR334,E094,"V033,V008",pending,2025-04-16 20:57:12
ER335,CR335,E094,"V017,V009",pending,2025-04-15 16:58:35
ER336,CR336,E094,"V022,V030",completed,2025-04-15 15:56:35
ER337,CR337,E095,,pending,2025-04-15 02:55:21
ER338,CR338,E095,,completed,2025-04-16 10:53:30
ER339,CR339,E095,,completed,2025-04-16 17:54:07
ER340,CR340,E096,,pending,2025-04-17 15:59:07
ER341,CR341,E096,"V005,V033",pending,2025-04-15 16:53:58
ER342,CR342,E097,,completed,2025-04-15 07:57:27
ER343,CR343,E097,,completed,2025-04-16 14:58:04
ER344,CR344,E097,"V049,V040",completed,2025-04-17 15:56:52
ER345,CR345,E097,,completed,2025-04-14 21:55:08
ER346,CR346,E098,,pending,2025-04-16 02:58:21
ER347,CR347,E098,,completed,2025-04-16 03:56:10
ER348,CR348,E098,,completed,2025-04-16 13:55:11
ER349,CR349,E099,,completed,2025-04-15 10:54:36
ER350,CR350,E099,,completed,2025-04-16 08:55:23
ER351,CR351,E099,,pending,2025-04-16 19:57:06
ER352,CR352,E100,,completed,2025-04-17 10:58:34
ER353,CR353,E100,,pending,2025-04-15 20:58:29
ER354,CR354,E100,"V007,V011",completed,2025-04-17 16:56:26
