id,request_id,volunteer_id,status,responded_at
VR001,CR001,V035,rejected,2025-04-15 15:56:37
VR002,CR001,V001,rejected,2025-04-14 21:56:37
VR003,CR002,V014,accepted,2025-04-14 23:52:04
VR004,CR002,V043,accepted,2025-04-14 09:52:04
VR005,CR005,V044,accepted,2025-04-14 01:55:13
VR006,CR005,V028,accepted,2025-04-14 04:55:13
VR007,CR006,V042,accepted,2025-04-16 15:51:36
VR008,CR006,V011,accepted,2025-04-16 20:51:36
VR009,CR007,V048,rejected,2025-04-16 17:56:59
VR010,CR007,V010,accepted,2025-04-16 07:56:59
VR011,CR008,V042,rejected,2025-04-15 16:54:13
VR012,CR008,V005,accepted,2025-04-15 14:54:13
VR013,CR010,V010,accepted,2025-04-14 21:54:43
VR014,CR010,V002,accepted,2025-04-15 05:54:43
VR015,CR012,V022,accepted,2025-04-15 04:56:43
VR016,CR012,V003,accepted,2025-04-15 04:56:43
VR017,CR013,V004,accepted,2025-04-15 12:53:38
VR018,CR013,V012,rejected,2025-04-15 21:53:38
VR019,CR015,V004,accepted,2025-04-16 07:53:10
VR020,CR015,V016,accepted,2025-04-16 23:53:10
VR021,CR016,V041,rejected,2025-04-14 06:51:29
VR022,CR016,V039,accepted,2025-04-14 07:51:29
VR023,CR017,V027,rejected,2025-04-16 02:56:37
VR024,CR017,V025,rejected,2025-04-16 08:56:37
VR025,CR018,V037,rejected,2025-04-16 00:54:43
VR026,CR018,V027,accepted,2025-04-16 01:54:43
VR027,CR019,V031,accepted,2025-04-14 09:56:48
VR028,CR019,V050,rejected,2025-04-13 23:56:48
VR029,CR021,V025,accepted,2025-04-15 19:56:22
VR030,CR021,V044,rejected,2025-04-16 09:56:22
VR031,CR022,V001,rejected,2025-04-17 05:54:34
VR032,CR022,V042,rejected,2025-04-17 01:54:34
VR033,CR023,V005,accepted,2025-04-16 16:53:17
VR034,CR023,V049,accepted,2025-04-16 11:53:17
VR035,CR026,V003,accepted,2025-04-14 11:51:44
VR036,CR026,V045,accepted,2025-04-14 20:51:44
VR037,CR027,V033,accepted,2025-04-14 07:56:06
VR038,CR027,V007,accepted,2025-04-14 19:56:06
VR039,CR028,V020,rejected,2025-04-14 22:51:57
VR040,CR028,V039,rejected,2025-04-15 05:51:57
VR041,CR030,V043,accepted,2025-04-15 02:56:37
VR042,CR030,V048,accepted,2025-04-15 00:56:37
VR043,CR033,V026,rejected,2025-04-14 23:54:40
VR044,CR033,V043,rejected,2025-04-15 14:54:40
VR045,CR035,V028,accepted,2025-04-16 14:55:13
VR046,CR035,V018,accepted,2025-04-17 02:55:13
VR047,CR037,V015,rejected,2025-04-14 20:56:32
VR048,CR037,V009,rejected,2025-04-14 09:56:32
VR049,CR038,V035,rejected,2025-04-16 09:51:52
VR050,CR038,V019,rejected,2025-04-15 17:51:52
VR051,CR041,V003,accepted,2025-04-15 21:57:21
VR052,CR041,V031,accepted,2025-04-16 09:57:21
VR053,CR042,V003,accepted,2025-04-16 18:54:27
VR054,CR042,V036,rejected,2025-04-16 15:54:27
VR055,CR044,V024,rejected,2025-04-14 22:57:23
VR056,CR044,V001,rejected,2025-04-14 22:57:23
VR057,CR045,V010,accepted,2025-04-14 13:54:33
VR058,CR045,V008,accepted,2025-04-14 12:54:33
VR059,CR047,V030,rejected,2025-04-15 23:56:59
VR060,CR047,V019,rejected,2025-04-16 00:56:59
VR061,CR048,V026,rejected,2025-04-14 08:51:53
VR062,CR048,V035,rejected,2025-04-13 17:51:53
VR063,CR049,V020,rejected,2025-04-15 06:52:32
VR064,CR049,V048,accepted,2025-04-15 03:52:32
VR065,CR050,V048,accepted,2025-04-16 16:54:20
VR066,CR050,V047,accepted,2025-04-16 11:54:20
VR067,CR051,V027,accepted,2025-04-17 03:54:16
VR068,CR051,V042,accepted,2025-04-16 15:54:16
VR069,CR052,V001,accepted,2025-04-13 22:53:50
VR070,CR052,V027,accepted,2025-04-13 22:53:50
VR071,CR054,V043,accepted,2025-04-15 12:55:34
VR072,CR054,V025,accepted,2025-04-16 00:55:34
VR073,CR056,V017,accepted,2025-04-14 11:51:55
VR074,CR056,V013,accepted,2025-04-14 13:51:55
VR075,CR057,V015,rejected,2025-04-16 15:56:50
VR076,CR057,V034,rejected,2025-04-16 12:56:50
VR077,CR058,V004,accepted,2025-04-14 17:54:57
VR078,CR058,V049,accepted,2025-04-14 14:54:57
VR079,CR059,V042,rejected,2025-04-15 18:51:39
VR080,CR059,V036,accepted,2025-04-16 01:51:39
VR081,CR061,V019,rejected,2025-04-16 03:54:39
VR082,CR061,V017,accepted,2025-04-15 08:54:39
VR083,CR062,V017,accepted,2025-04-15 13:54:17
VR084,CR062,V007,accepted,2025-04-16 06:54:17
VR085,CR063,V005,accepted,2025-04-15 01:53:04
VR086,CR063,V013,accepted,2025-04-14 22:53:04
VR087,CR064,V022,accepted,2025-04-14 13:54:54
VR088,CR064,V023,rejected,2025-04-15 06:54:54
VR089,CR066,V042,accepted,2025-04-14 19:53:09
VR090,CR066,V016,accepted,2025-04-15 01:53:09
VR091,CR067,V040,rejected,2025-04-14 11:52:50
VR092,CR067,V005,accepted,2025-04-14 15:52:50
VR093,CR069,V032,accepted,2025-04-14 05:55:17
VR094,CR069,V029,accepted,2025-04-14 14:55:17
VR095,CR073,V043,accepted,2025-04-17 10:52:58
VR096,CR073,V020,rejected,2025-04-17 06:52:58
VR097,CR077,V005,accepted,2025-04-14 02:56:22
VR098,CR077,V002,accepted,2025-04-14 16:56:22
VR099,CR082,V037,accepted,2025-04-16 06:56:21
VR100,CR082,V024,accepted,2025-04-16 09:56:21
VR101,CR084,V040,accepted,2025-04-15 08:52:19
VR102,CR084,V016,accepted,2025-04-15 03:52:19
VR103,CR085,V021,accepted,2025-04-16 10:56:30
VR104,CR085,V016,accepted,2025-04-17 01:56:30
VR105,CR087,V048,accepted,2025-04-15 10:53:37
VR106,CR087,V042,accepted,2025-04-15 05:53:37
VR107,CR088,V024,rejected,2025-04-14 13:54:28
VR108,CR088,V009,rejected,2025-04-14 15:54:28
VR109,CR089,V022,accepted,2025-04-16 01:53:15
VR110,CR089,V031,rejected,2025-04-16 01:53:15
VR111,CR090,V023,accepted,2025-04-15 19:52:29
VR112,CR090,V050,accepted,2025-04-16 01:52:29
VR113,CR091,V036,accepted,2025-04-15 20:52:32
VR114,CR091,V007,accepted,2025-04-16 11:52:32
VR115,CR093,V039,accepted,2025-04-14 05:56:19
VR116,CR093,V006,accepted,2025-04-14 01:56:19
VR117,CR094,V035,accepted,2025-04-15 19:54:25
VR118,CR094,V013,accepted,2025-04-16 10:54:25
VR119,CR095,V041,rejected,2025-04-15 09:54:53
VR120,CR095,V005,accepted,2025-04-14 12:54:53
VR121,CR097,V002,accepted,2025-04-14 17:54:11
VR122,CR097,V033,accepted,2025-04-13 21:54:11
VR123,CR098,V038,accepted,2025-04-16 09:53:18
VR124,CR098,V026,accepted,2025-04-15 21:53:18
VR125,CR099,V003,accepted,2025-04-14 20:56:50
VR126,CR099,V036,accepted,2025-04-15 05:56:50
VR127,CR101,V045,accepted,2025-04-15 01:52:37
VR128,CR101,V023,rejected,2025-04-14 23:52:37
VR129,CR102,V032,rejected,2025-04-16 01:57:01
VR130,CR102,V035,accepted,2025-04-15 09:57:01
VR131,CR105,V009,accepted,2025-04-14 23:53:23
VR132,CR105,V022,accepted,2025-04-15 00:53:23
VR133,CR106,V015,rejected,2025-04-16 01:54:55
VR134,CR106,V050,rejected,2025-04-16 06:54:55
VR135,CR108,V019,rejected,2025-04-14 13:52:54
VR136,CR108,V009,accepted,2025-04-14 15:52:54
VR137,CR109,V033,accepted,2025-04-16 04:54:10
VR138,CR109,V006,rejected,2025-04-16 03:54:10
VR139,CR110,V033,accepted,2025-04-16 04:56:04
VR140,CR110,V001,accepted,2025-04-15 14:56:04
VR141,CR112,V036,rejected,2025-04-16 06:57:23
VR142,CR112,V045,accepted,2025-04-16 08:57:23
VR143,CR114,V011,accepted,2025-04-15 19:54:10
VR144,CR114,V049,accepted,2025-04-15 07:54:10
VR145,CR116,V029,accepted,2025-04-13 23:55:19
VR146,CR116,V011,accepted,2025-04-14 12:55:19
VR147,CR118,V032,rejected,2025-04-16 02:55:40
VR148,CR118,V010,accepted,2025-04-16 05:55:40
VR149,CR119,V021,rejected,2025-04-14 05:51:36
VR150,CR119,V011,rejected,2025-04-15 00:51:36
VR151,CR120,V047,accepted,2025-04-15 19:54:37
VR152,CR120,V031,accepted,2025-04-15 09:54:37
VR153,CR121,V016,accepted,2025-04-14 05:56:49
VR154,CR121,V045,accepted,2025-04-14 13:56:49
VR155,CR122,V015,accepted,2025-04-13 22:57:10
VR156,CR122,V005,accepted,2025-04-14 01:57:10
VR157,CR124,V015,accepted,2025-04-17 02:54:55
VR158,CR124,V003,accepted,2025-04-16 11:54:55
VR159,CR125,V034,rejected,2025-04-16 02:57:10
VR160,CR125,V024,accepted,2025-04-16 05:57:10
VR161,CR128,V030,rejected,2025-04-14 00:55:50
VR162,CR128,V003,accepted,2025-04-14 19:55:50
VR163,CR129,V021,accepted,2025-04-15 08:52:00
VR164,CR129,V007,accepted,2025-04-15 02:52:00
VR165,CR130,V041,rejected,2025-04-15 00:56:25
VR166,CR130,V018,rejected,2025-04-14 09:56:25
VR167,CR131,V038,accepted,2025-04-16 21:56:27
VR168,CR131,V035,rejected,2025-04-16 08:56:27
VR169,CR132,V025,accepted,2025-04-14 23:52:45
VR170,CR132,V042,accepted,2025-04-14 22:52:45
VR171,CR133,V038,accepted,2025-04-13 22:57:19
VR172,CR133,V042,rejected,2025-04-14 12:57:19
VR173,CR135,V017,rejected,2025-04-15 06:56:11
VR174,CR135,V025,accepted,2025-04-15 15:56:11
VR175,CR136,V007,accepted,2025-04-16 04:55:44
VR176,CR136,V004,rejected,2025-04-16 03:55:44
VR177,CR137,V023,accepted,2025-04-15 00:57:21
VR178,CR137,V032,rejected,2025-04-15 04:57:21
VR179,CR140,V001,rejected,2025-04-14 08:54:26
VR180,CR140,V033,accepted,2025-04-14 18:54:26
VR181,CR141,V011,accepted,2025-04-16 06:54:48
VR182,CR141,V015,rejected,2025-04-16 20:54:48
VR183,CR142,V042,accepted,2025-04-16 11:54:08
VR184,CR142,V035,rejected,2025-04-15 23:54:08
VR185,CR147,V014,accepted,2025-04-15 00:54:45
VR186,CR147,V010,accepted,2025-04-15 00:54:45
VR187,CR148,V024,accepted,2025-04-17 06:51:32
VR188,CR148,V039,rejected,2025-04-16 11:51:32
VR189,CR149,V043,accepted,2025-04-16 15:57:19
VR190,CR149,V015,accepted,2025-04-16 12:57:19
VR191,CR150,V020,rejected,2025-04-16 15:51:36
VR192,CR150,V006,accepted,2025-04-15 19:51:36
VR193,CR151,V031,accepted,2025-04-16 21:56:54
VR194,CR151,V044,rejected,2025-04-16 21:56:54
VR195,CR152,V014,rejected,2025-04-14 13:53:18
VR196,CR152,V038,accepted,2025-04-15 04:53:18
VR197,CR154,V014,accepted,2025-04-14 19:52:18
VR198,CR154,V013,accepted,2025-04-14 06:52:18
VR199,CR156,V016,accepted,2025-04-15 03:53:44
VR200,CR156,V003,accepted,2025-04-15 17:53:44
VR201,CR157,V038,accepted,2025-04-14 02:52:13
VR202,CR157,V011,accepted,2025-04-14 18:52:13
VR203,CR159,V030,rejected,2025-04-17 00:55:26
VR204,CR159,V001,accepted,2025-04-16 09:55:26
VR205,CR160,V010,accepted,2025-04-14 20:56:03
VR206,CR160,V037,accepted,2025-04-14 06:56:03
VR207,CR161,V004,accepted,2025-04-14 10:52:58
VR208,CR161,V011,accepted,2025-04-14 07:52:58
VR209,CR162,V034,rejected,2025-04-16 05:57:12
VR210,CR162,V026,rejected,2025-04-16 04:57:12
VR211,CR163,V042,accepted,2025-04-16 22:53:10
VR212,CR163,V032,accepted,2025-04-16 02:53:10
VR213,CR166,V031,accepted,2025-04-16 12:53:02
VR214,CR166,V018,rejected,2025-04-16 12:53:02
VR215,CR168,V043,accepted,2025-04-14 04:53:11
VR216,CR168,V019,accepted,2025-04-14 08:53:11
VR217,CR169,V020,accepted,2025-04-16 12:53:48
VR218,CR169,V048,accepted,2025-04-16 17:53:48
VR219,CR170,V031,accepted,2025-04-16 02:54:49
VR220,CR170,V011,accepted,2025-04-16 08:54:49
VR221,CR171,V029,rejected,2025-04-16 13:53:21
VR222,CR171,V014,accepted,2025-04-15 22:53:21
VR223,CR172,V038,accepted,2025-04-15 18:52:01
VR224,CR172,V050,rejected,2025-04-16 08:52:01
VR225,CR173,V043,accepted,2025-04-14 18:51:35
VR226,CR173,V033,accepted,2025-04-14 15:51:35
VR227,CR177,V030,rejected,2025-04-16 11:56:02
VR228,CR177,V004,rejected,2025-04-16 09:56:02
VR229,CR178,V030,rejected,2025-04-16 02:56:22
VR230,CR178,V033,accepted,2025-04-16 06:56:22
VR231,CR179,V002,accepted,2025-04-16 08:57:08
VR232,CR179,V016,accepted,2025-04-16 07:57:08
VR233,CR180,V005,accepted,2025-04-16 14:53:58
VR234,CR180,V015,rejected,2025-04-16 14:53:58
VR235,CR181,V009,accepted,2025-04-14 10:51:44
VR236,CR181,V007,rejected,2025-04-14 16:51:44
VR237,CR182,V045,accepted,2025-04-15 18:55:00
VR238,CR182,V006,rejected,2025-04-15 18:55:00
VR239,CR184,V044,accepted,2025-04-14 20:53:40
VR240,CR184,V027,accepted,2025-04-15 11:53:40
VR241,CR186,V007,accepted,2025-04-14 06:51:37
VR242,CR186,V012,accepted,2025-04-14 10:51:37
VR243,CR187,V012,accepted,2025-04-14 10:57:23
VR244,CR187,V039,rejected,2025-04-13 16:57:23
VR245,CR189,V035,rejected,2025-04-15 04:53:43
VR246,CR189,V033,accepted,2025-04-15 03:53:43
VR247,CR190,V031,rejected,2025-04-15 14:56:28
VR248,CR190,V043,accepted,2025-04-16 05:56:28
VR249,CR191,V020,accepted,2025-04-17 01:53:37
VR250,CR191,V044,rejected,2025-04-16 08:53:37
VR251,CR192,V050,accepted,2025-04-14 23:53:01
VR252,CR192,V044,rejected,2025-04-14 16:53:01
VR253,CR194,V034,accepted,2025-04-15 13:51:47
VR254,CR194,V027,rejected,2025-04-15 03:51:47
VR255,CR196,V045,accepted,2025-04-15 12:54:38
VR256,CR196,V034,rejected,2025-04-15 06:54:38
VR257,CR197,V031,rejected,2025-04-15 16:55:26
VR258,CR197,V050,rejected,2025-04-15 15:55:26
VR259,CR199,V038,accepted,2025-04-16 15:56:53
VR260,CR199,V048,accepted,2025-04-16 11:56:53
VR261,CR200,V007,rejected,2025-04-13 21:53:35
VR262,CR200,V028,accepted,2025-04-14 01:53:35
VR263,CR201,V031,rejected,2025-04-15 06:52:33
VR264,CR201,V050,rejected,2025-04-15 01:52:33
VR265,CR202,V019,accepted,2025-04-14 11:55:04
VR266,CR202,V039,rejected,2025-04-14 07:55:04
VR267,CR203,V017,rejected,2025-04-14 14:52:49
VR268,CR203,V013,rejected,2025-04-15 12:52:49
VR269,CR204,V048,accepted,2025-04-17 04:52:01
VR270,CR204,V001,accepted,2025-04-17 02:52:01
VR271,CR205,V008,rejected,2025-04-15 11:56:21
VR272,CR205,V034,rejected,2025-04-15 23:56:21
VR273,CR206,V042,accepted,2025-04-17 11:53:34
VR274,CR206,V014,accepted,2025-04-16 23:53:34
VR275,CR208,V027,accepted,2025-04-14 16:51:56
VR276,CR208,V024,accepted,2025-04-14 17:51:56
VR277,CR209,V028,accepted,2025-04-14 19:53:52
VR278,CR209,V042,accepted,2025-04-14 09:53:52
VR279,CR211,V017,rejected,2025-04-16 14:54:22
VR280,CR211,V035,accepted,2025-04-16 19:54:22
VR281,CR212,V024,rejected,2025-04-14 07:54:26
VR282,CR212,V040,rejected,2025-04-14 20:54:26
VR283,CR213,V008,rejected,2025-04-16 02:55:19
VR284,CR213,V044,rejected,2025-04-15 20:55:19
VR285,CR214,V027,accepted,2025-04-15 02:56:07
VR286,CR214,V036,rejected,2025-04-15 00:56:07
VR287,CR217,V012,rejected,2025-04-15 05:54:57
VR288,CR217,V024,accepted,2025-04-15 05:54:57
VR289,CR218,V029,rejected,2025-04-15 07:52:34
VR290,CR218,V018,rejected,2025-04-15 00:52:34
VR291,CR219,V049,rejected,2025-04-16 13:54:31
VR292,CR219,V011,accepted,2025-04-16 22:54:31
VR293,CR220,V023,rejected,2025-04-15 04:55:31
VR294,CR220,V050,rejected,2025-04-14 18:55:31
VR295,CR221,V048,rejected,2025-04-16 14:56:09
VR296,CR221,V009,rejected,2025-04-15 20:56:09
VR297,CR222,V048,accepted,2025-04-14 04:51:57
VR298,CR222,V015,accepted,2025-04-14 12:51:57
VR299,CR224,V011,accepted,2025-04-13 22:54:00
VR300,CR224,V007,accepted,2025-04-14 08:54:00
VR301,CR225,V026,rejected,2025-04-15 14:54:30
VR302,CR225,V022,accepted,2025-04-15 16:54:30
VR303,CR229,V045,accepted,2025-04-17 06:52:45
VR304,CR229,V044,rejected,2025-04-16 09:52:45
VR305,CR230,V011,rejected,2025-04-15 03:55:14
VR306,CR230,V025,rejected,2025-04-14 07:55:14
VR307,CR231,V006,rejected,2025-04-16 02:54:23
VR308,CR231,V010,accepted,2025-04-16 06:54:23
VR309,CR232,V026,accepted,2025-04-15 08:55:45
VR310,CR232,V002,accepted,2025-04-14 21:55:45
VR311,CR234,V005,accepted,2025-04-14 18:53:01
VR312,CR234,V017,rejected,2025-04-14 22:53:01
VR313,CR236,V006,rejected,2025-04-16 11:57:20
VR314,CR236,V039,rejected,2025-04-17 09:57:20
VR315,CR237,V025,rejected,2025-04-14 15:51:34
VR316,CR237,V026,accepted,2025-04-14 16:51:34
VR317,CR238,V034,rejected,2025-04-14 14:56:10
VR318,CR238,V019,rejected,2025-04-14 11:56:10
VR319,CR240,V004,rejected,2025-04-14 14:54:08
VR320,CR240,V050,accepted,2025-04-15 05:54:08
VR321,CR242,V032,accepted,2025-04-16 08:53:42
VR322,CR242,V029,accepted,2025-04-16 14:53:42
VR323,CR244,V043,rejected,2025-04-16 16:51:43
VR324,CR244,V034,rejected,2025-04-16 13:51:43
VR325,CR245,V008,accepted,2025-04-16 06:55:31
VR326,CR245,V007,accepted,2025-04-17 00:55:31
VR327,CR247,V033,accepted,2025-04-15 08:56:36
VR328,CR247,V034,rejected,2025-04-14 17:56:36
VR329,CR249,V040,accepted,2025-04-15 17:52:48
VR330,CR249,V011,accepted,2025-04-14 21:52:48
VR331,CR251,V024,accepted,2025-04-15 05:54:50
VR332,CR251,V016,accepted,2025-04-14 09:54:50
VR333,CR252,V011,accepted,2025-04-14 07:53:58
VR334,CR252,V006,rejected,2025-04-14 11:53:58
VR335,CR253,V017,rejected,2025-04-15 06:54:44
VR336,CR253,V042,accepted,2025-04-15 16:54:44
VR337,CR254,V026,rejected,2025-04-15 05:54:34
VR338,CR254,V038,accepted,2025-04-15 15:54:34
VR339,CR255,V012,accepted,2025-04-15 03:51:37
VR340,CR255,V003,accepted,2025-04-16 02:51:37
VR341,CR256,V046,accepted,2025-04-15 22:52:28
VR342,CR256,V005,accepted,2025-04-16 13:52:28
VR343,CR257,V049,accepted,2025-04-14 00:55:00
VR344,CR257,V003,accepted,2025-04-14 14:55:00
VR345,CR258,V036,accepted,2025-04-14 22:55:19
VR346,CR258,V038,accepted,2025-04-14 22:55:19
VR347,CR259,V018,accepted,2025-04-15 19:55:45
VR348,CR259,V015,rejected,2025-04-15 06:55:45
VR349,CR260,V022,accepted,2025-04-14 18:57:06
VR350,CR260,V012,rejected,2025-04-14 16:57:06
VR351,CR261,V037,rejected,2025-04-15 08:54:37
VR352,CR261,V001,accepted,2025-04-15 05:54:37
VR353,CR262,V027,accepted,2025-04-16 06:56:20
VR354,CR262,V033,rejected,2025-04-16 20:56:20
VR355,CR263,V005,accepted,2025-04-14 20:56:19
VR356,CR263,V033,accepted,2025-04-14 21:56:19
VR357,CR265,V008,rejected,2025-04-14 11:56:00
VR358,CR265,V033,rejected,2025-04-14 20:56:00
VR359,CR266,V037,accepted,2025-04-16 20:56:39
VR360,CR266,V017,rejected,2025-04-16 12:56:39
VR361,CR268,V025,accepted,2025-04-14 21:56:40
VR362,CR268,V037,accepted,2025-04-14 13:56:40
VR363,CR269,V049,accepted,2025-04-16 08:57:15
VR364,CR269,V022,rejected,2025-04-16 15:57:15
VR365,CR270,V042,accepted,2025-04-14 05:53:30
VR366,CR270,V021,accepted,2025-04-14 09:53:30
VR367,CR271,V002,accepted,2025-04-14 21:56:42
VR368,CR271,V031,accepted,2025-04-15 02:56:42
VR369,CR272,V005,accepted,2025-04-16 05:55:22
VR370,CR272,V025,accepted,2025-04-15 16:55:22
VR371,CR273,V044,accepted,2025-04-14 09:56:09
VR372,CR273,V045,accepted,2025-04-14 12:56:09
VR373,CR274,V027,accepted,2025-04-16 19:56:42
VR374,CR274,V023,rejected,2025-04-16 20:56:42
VR375,CR275,V001,accepted,2025-04-15 23:56:31
VR376,CR275,V045,accepted,2025-04-15 22:56:31
VR377,CR278,V019,rejected,2025-04-14 23:52:36
VR378,CR278,V006,rejected,2025-04-15 08:52:36
VR379,CR280,V033,accepted,2025-04-17 11:56:56
VR380,CR280,V015,accepted,2025-04-16 22:56:56
VR381,CR281,V005,accepted,2025-04-15 01:56:06
VR382,CR281,V036,accepted,2025-04-15 11:56:06
VR383,CR286,V021,accepted,2025-04-15 10:53:05
VR384,CR286,V023,accepted,2025-04-15 22:53:05
VR385,CR287,V018,accepted,2025-04-16 23:56:25
VR386,CR287,V012,accepted,2025-04-16 21:56:25
VR387,CR288,V013,accepted,2025-04-14 19:55:53
VR388,CR288,V032,accepted,2025-04-14 02:55:53
VR389,CR289,V016,accepted,2025-04-15 15:51:51
VR390,CR289,V048,accepted,2025-04-15 16:51:51
VR391,CR290,V014,accepted,2025-04-16 08:54:13
VR392,CR290,V015,rejected,2025-04-16 09:54:13
VR393,CR291,V040,accepted,2025-04-16 03:54:37
VR394,CR291,V023,rejected,2025-04-16 02:54:37
VR395,CR294,V008,rejected,2025-04-15 00:54:00
VR396,CR294,V006,accepted,2025-04-15 00:54:00
VR397,CR298,V032,rejected,2025-04-15 09:53:36
VR398,CR298,V040,rejected,2025-04-16 02:53:36
VR399,CR300,V003,accepted,2025-04-16 17:52:42
VR400,CR300,V031,accepted,2025-04-17 01:52:42
VR401,CR302,V021,rejected,2025-04-16 15:52:05
VR402,CR302,V032,rejected,2025-04-16 05:52:05
VR403,CR303,V032,accepted,2025-04-16 23:51:51
VR404,CR303,V012,accepted,2025-04-16 15:51:51
VR405,CR304,V026,accepted,2025-04-15 06:53:50
VR406,CR304,V015,rejected,2025-04-14 16:53:50
VR407,CR305,V025,rejected,2025-04-15 08:54:22
VR408,CR305,V043,accepted,2025-04-15 23:54:22
VR409,CR306,V028,accepted,2025-04-15 14:57:03
VR410,CR306,V031,rejected,2025-04-14 22:57:03
VR411,CR308,V027,accepted,2025-04-16 23:53:18
VR412,CR308,V039,accepted,2025-04-16 18:53:18
VR413,CR310,V026,rejected,2025-04-14 22:55:58
VR414,CR310,V044,rejected,2025-04-15 07:55:58
VR415,CR312,V008,accepted,2025-04-14 22:52:12
VR416,CR312,V045,accepted,2025-04-14 20:52:12
VR417,CR313,V021,accepted,2025-04-14 12:55:45
VR418,CR313,V045,accepted,2025-04-14 12:55:45
VR419,CR314,V044,rejected,2025-04-15 19:51:26
VR420,CR314,V014,accepted,2025-04-16 01:51:26
VR421,CR315,V007,accepted,2025-04-17 00:54:17
VR422,CR315,V021,accepted,2025-04-17 08:54:17
VR423,CR316,V017,accepted,2025-04-16 12:54:12
VR424,CR316,V012,accepted,2025-04-16 03:54:12
VR425,CR317,V016,accepted,2025-04-17 01:57:00
VR426,CR317,V018,accepted,2025-04-17 05:57:00
VR427,CR319,V010,accepted,2025-04-14 07:53:11
VR428,CR319,V004,rejected,2025-04-14 08:53:11
VR429,CR321,V012,rejected,2025-04-14 21:53:55
VR430,CR321,V032,rejected,2025-04-14 14:53:55
VR431,CR322,V027,accepted,2025-04-15 14:52:58
VR432,CR322,V045,accepted,2025-04-15 14:52:58
VR433,CR324,V044,accepted,2025-04-17 01:52:08
VR434,CR324,V048,accepted,2025-04-16 21:52:08
VR435,CR325,V029,accepted,2025-04-17 07:57:14
VR436,CR325,V012,rejected,2025-04-16 17:57:14
VR437,CR326,V037,accepted,2025-04-15 09:54:45
VR438,CR326,V044,accepted,2025-04-15 05:54:45
VR439,CR327,V025,accepted,2025-04-16 05:55:05
VR440,CR327,V027,accepted,2025-04-15 14:55:05
VR441,CR328,V048,accepted,2025-04-14 22:52:12
VR442,CR328,V017,rejected,2025-04-15 08:52:12
VR443,CR329,V028,accepted,2025-04-16 04:52:25
VR444,CR329,V025,rejected,2025-04-16 02:52:25
VR445,CR330,V048,accepted,2025-04-16 04:55:23
VR446,CR330,V010,accepted,2025-04-15 13:55:23
VR447,CR331,V012,accepted,2025-04-15 06:51:50
VR448,CR331,V027,accepted,2025-04-14 19:51:50
VR449,CR332,V041,accepted,2025-04-15 20:56:39
VR450,CR332,V034,accepted,2025-04-16 02:56:39
VR451,CR333,V021,accepted,2025-04-14 08:52:32
VR452,CR333,V032,accepted,2025-04-14 07:52:32
VR453,CR336,V022,accepted,2025-04-15 02:56:30
VR454,CR336,V030,rejected,2025-04-15 03:56:30
VR455,CR338,V004,accepted,2025-04-15 07:55:51
VR456,CR338,V026,accepted,2025-04-16 02:55:51
VR457,CR339,V011,accepted,2025-04-15 17:54:21
VR458,CR339,V004,rejected,2025-04-15 19:54:21
VR459,CR342,V031,accepted,2025-04-14 04:56:53
VR460,CR342,V041,rejected,2025-04-14 15:56:53
VR461,CR343,V048,rejected,2025-04-15 16:57:13
VR462,CR343,V022,accepted,2025-04-15 19:57:13
VR463,CR344,V049,accepted,2025-04-16 20:57:03
VR464,CR344,V040,accepted,2025-04-17 02:57:03
VR465,CR345,V036,accepted,2025-04-14 02:57:07
VR466,CR345,V017,rejected,2025-04-13 15:57:07
VR467,CR347,V027,rejected,2025-04-15 08:54:53
VR468,CR347,V008,accepted,2025-04-15 18:54:53
VR469,CR348,V039,rejected,2025-04-16 01:53:28
VR470,CR348,V013,accepted,2025-04-16 01:53:28
VR471,CR349,V042,rejected,2025-04-14 09:56:51
VR472,CR349,V035,accepted,2025-04-14 13:56:51
VR473,CR350,V023,accepted,2025-04-15 23:52:18
VR474,CR350,V021,accepted,2025-04-15 18:52:18
VR475,CR352,V032,accepted,2025-04-17 03:56:07
VR476,CR352,V050,accepted,2025-04-16 18:56:07
VR477,CR354,V007,accepted,2025-04-16 12:53:45
VR478,CR354,V011,accepted,2025-04-16 22:53:45
